agent,env,seed,nsteps,reward
A2C_learner,AdversarialSequenceEvader,0,100000,684.0
A2C_learner,AdversarialSequencePredictor,0,100000,310.0
A2C_learner,AfterImages,0,100000,99390.0
A2C_learner,CensoredObservation,0,100000,97416.0
A2C_learner,CryingBaby,0,100000,98616.0
A2C_learner,CryingBaby2,0,100000,-97382.0
A2C_learner,DelayedRewards,0,100000,99750.0
A2C_learner,FalseMemories,0,100000,99714.0
A2C_learner,IgnoreActions,0,100000,-192.0
A2C_learner,IgnoreObservations,0,100000,93322.0
A2C_learner,IgnoreRewards,0,100000,10420.0
A2C_learner,IgnoreRewards2,0,100000,99678.0
A2C_learner,IgnoreRewards3,0,100000,32948.0
A2C_learner,IncentivizeLearningRate,0,100000,100000.0
A2C_learner,IncentivizeZero,0,100000,-98496.0
A2C_learner,LimitedMemory,0,100000,39942.0
A2C_learner,NthRewardMultipliedByN,0,100000,99830.0
A2C_learner,PunishNondeterministicAgent,0,100000,100000.0
A2C_learner,Repeater,0,100000,99860.0
A2C_learner,ReverseHistory,0,100000,96290.0
A2C_learner,SelfRecognition,0,100000,66474.0
A2C_learner,ShiftedRewards,0,100000,99698.0
A2C_learner,TemptingButton,0,100000,-49726.0
A2C_learner,TemptingButtonVariation,0,100000,980.0
A2C_learner,ThirdActionForbidden,0,100000,-99984.0
A2C_learner,minus_rewards(AdversarialSequenceEvader),0,100000,100000.0
A2C_learner,minus_rewards(AdversarialSequencePredictor),0,100000,-100000.0
A2C_learner,minus_rewards(AfterImages),0,100000,99666.0
A2C_learner,minus_rewards(CensoredObservation),0,100000,99668.0
A2C_learner,minus_rewards(CryingBaby),0,100000,68120.0
A2C_learner,minus_rewards(CryingBaby2),0,100000,93470.0
A2C_learner,minus_rewards(DelayedRewards),0,100000,99906.0
A2C_learner,minus_rewards(FalseMemories),0,100000,99848.0
A2C_learner,minus_rewards(IgnoreActions),0,100000,99898.0
A2C_learner,minus_rewards(IgnoreObservations),0,100000,94132.0
A2C_learner,minus_rewards(IgnoreRewards),0,100000,516.0
A2C_learner,minus_rewards(IgnoreRewards2),0,100000,99644.0
A2C_learner,minus_rewards(IgnoreRewards3),0,100000,32902.0
A2C_learner,minus_rewards(IncentivizeLearningRate),0,100000,99820.0
A2C_learner,minus_rewards(IncentivizeZero),0,100000,83934.0
A2C_learner,minus_rewards(LimitedMemory),0,100000,20442.0
A2C_learner,minus_rewards(NthRewardMultipliedByN),0,100000,99898.0
A2C_learner,minus_rewards(PunishNondeterministicAgent),0,100000,99900.0
A2C_learner,minus_rewards(Repeater),0,100000,99868.0
A2C_learner,minus_rewards(ReverseHistory),0,100000,99858.0
A2C_learner,minus_rewards(SelfRecognition),0,100000,66694.0
A2C_learner,minus_rewards(ShiftedRewards),0,100000,99906.0
A2C_learner,minus_rewards(TemptingButton),0,100000,98582.0
A2C_learner,minus_rewards(TemptingButtonVariation),0,100000,57174.0
A2C_learner,minus_rewards(ThirdActionForbidden),0,100000,99986.0
ConstantAgent,AdversarialSequenceEvader,0,100000,-100000.0
ConstantAgent,AdversarialSequencePredictor,0,100000,100000.0
ConstantAgent,AfterImages,0,100000,100000.0
ConstantAgent,CensoredObservation,0,100000,100000.0
ConstantAgent,CryingBaby,0,100000,100000.0
ConstantAgent,CryingBaby2,0,100000,-99996.0
ConstantAgent,DelayedRewards,0,100000,100000.0
ConstantAgent,FalseMemories,0,100000,100000.0
ConstantAgent,IgnoreActions,0,100000,100000.0
ConstantAgent,IgnoreObservations,0,100000,100000.0
ConstantAgent,IgnoreRewards,0,100000,100000.0
ConstantAgent,IgnoreRewards2,0,100000,100000.0
ConstantAgent,IgnoreRewards3,0,100000,100000.0
ConstantAgent,IncentivizeZero,0,100000,100000.0
ConstantAgent,LimitedMemory,0,100000,100000.0
ConstantAgent,NthRewardMultipliedByN,0,100000,100000.0
ConstantAgent,PunishNondeterministicAgent,0,100000,100000.0
ConstantAgent,Repeater,0,100000,100000.0
ConstantAgent,ReverseHistory,0,100000,100000.0
ConstantAgent,SelfRecognition,0,100000,177.0
ConstantAgent,ShiftedRewards,0,100000,100000.0
ConstantAgent,TemptingButton,0,100000,-50124.0
ConstantAgent,TemptingButtonVariation,0,100000,-49722.0
ConstantAgent,ThirdActionForbidden,0,100000,100000.0
ConstantAgent,minus_rewards(AdversarialSequenceEvader),0,100000,100000.0
ConstantAgent,minus_rewards(AdversarialSequencePredictor),0,100000,-100000.0
ConstantAgent,minus_rewards(AfterImages),0,100000,-100000.0
ConstantAgent,minus_rewards(CensoredObservation),0,100000,-100000.0
ConstantAgent,minus_rewards(CryingBaby),0,100000,-100000.0
ConstantAgent,minus_rewards(CryingBaby2),0,100000,99996.0
ConstantAgent,minus_rewards(DelayedRewards),0,100000,-100000.0
ConstantAgent,minus_rewards(FalseMemories),0,100000,-100000.0
ConstantAgent,minus_rewards(IgnoreActions),0,100000,-100000.0
ConstantAgent,minus_rewards(IgnoreObservations),0,100000,-100000.0
ConstantAgent,minus_rewards(IgnoreRewards),0,100000,-100000.0
ConstantAgent,minus_rewards(IgnoreRewards2),0,100000,-100000.0
ConstantAgent,minus_rewards(IgnoreRewards3),0,100000,-100000.0
ConstantAgent,minus_rewards(IncentivizeZero),0,100000,-100000.0
ConstantAgent,minus_rewards(LimitedMemory),0,100000,-100000.0
ConstantAgent,minus_rewards(NthRewardMultipliedByN),0,100000,-100000.0
ConstantAgent,minus_rewards(PunishNondeterministicAgent),0,100000,-100000.0
ConstantAgent,minus_rewards(Repeater),0,100000,-100000.0
ConstantAgent,minus_rewards(ReverseHistory),0,100000,-100000.0
ConstantAgent,minus_rewards(SelfRecognition),0,100000,-101.0
ConstantAgent,minus_rewards(ShiftedRewards),0,100000,-100000.0
ConstantAgent,minus_rewards(TemptingButton),0,100000,49908.0
ConstantAgent,minus_rewards(TemptingButtonVariation),0,100000,50464.0
ConstantAgent,minus_rewards(ThirdActionForbidden),0,100000,-100000.0
DQN_learner,AdversarialSequenceEvader,0,100000,-106.0
DQN_learner,AdversarialSequencePredictor,0,100000,420.0
DQN_learner,AfterImages,0,100000,90598.0
DQN_learner,CensoredObservation,0,100000,90176.0
DQN_learner,CryingBaby,0,100000,8668.0
DQN_learner,CryingBaby2,0,100000,-99274.0
DQN_learner,DelayedRewards,0,100000,90248.0
DQN_learner,FalseMemories,0,100000,90192.0
DQN_learner,IgnoreActions,0,100000,204.0
DQN_learner,IgnoreObservations,0,100000,90638.0
DQN_learner,IgnoreRewards,0,100000,3474.0
DQN_learner,IgnoreRewards2,0,100000,94830.0
DQN_learner,IgnoreRewards3,0,100000,-4340.0
DQN_learner,IncentivizeLearningRate,0,100000,100000.0
DQN_learner,IncentivizeZero,0,100000,-98930.0
DQN_learner,LimitedMemory,0,100000,40086.0
DQN_learner,NthRewardMultipliedByN,0,100000,90226.0
DQN_learner,PunishNondeterministicAgent,0,100000,100000.0
DQN_learner,Repeater,0,100000,90252.0
DQN_learner,ReverseHistory,0,100000,90174.0
DQN_learner,SelfRecognition,0,100000,-1708.0
DQN_learner,ShiftedRewards,0,100000,76968.0
DQN_learner,TemptingButton,0,100000,-47306.0
DQN_learner,TemptingButtonVariation,0,100000,22540.0
DQN_learner,ThirdActionForbidden,0,100000,-96738.0
DQN_learner,minus_rewards(AdversarialSequenceEvader),0,100000,100000.0
DQN_learner,minus_rewards(AdversarialSequencePredictor),0,100000,-100000.0
DQN_learner,minus_rewards(AfterImages),0,100000,90154.0
DQN_learner,minus_rewards(CensoredObservation),0,100000,89778.0
DQN_learner,minus_rewards(CryingBaby),0,100000,47490.0
DQN_learner,minus_rewards(CryingBaby2),0,100000,99142.0
DQN_learner,minus_rewards(DelayedRewards),0,100000,90288.0
DQN_learner,minus_rewards(FalseMemories),0,100000,90274.0
DQN_learner,minus_rewards(IgnoreActions),0,100000,-1782.0
DQN_learner,minus_rewards(IgnoreObservations),0,100000,90122.0
DQN_learner,minus_rewards(IgnoreRewards),0,100000,12322.0
DQN_learner,minus_rewards(IgnoreRewards2),0,100000,-124.0
DQN_learner,minus_rewards(IgnoreRewards3),0,100000,-4032.0
DQN_learner,minus_rewards(IncentivizeLearningRate),0,100000,89660.0
DQN_learner,minus_rewards(IncentivizeZero),0,100000,98930.0
DQN_learner,minus_rewards(LimitedMemory),0,100000,90386.0
DQN_learner,minus_rewards(NthRewardMultipliedByN),0,100000,90288.0
DQN_learner,minus_rewards(PunishNondeterministicAgent),0,100000,90288.0
DQN_learner,minus_rewards(Repeater),0,100000,90386.0
DQN_learner,minus_rewards(ReverseHistory),0,100000,90252.0
DQN_learner,minus_rewards(SelfRecognition),0,100000,-1695.0
DQN_learner,minus_rewards(ShiftedRewards),0,100000,58880.0
DQN_learner,minus_rewards(TemptingButton),0,100000,95044.0
DQN_learner,minus_rewards(TemptingButtonVariation),0,100000,24031.0
DQN_learner,minus_rewards(ThirdActionForbidden),0,100000,96792.0
NaiveLearner,AdversarialSequenceEvader,0,100000,-99804.0
NaiveLearner,AdversarialSequencePredictor,0,100000,99698.0
NaiveLearner,AfterImages,0,100000,45892.0
NaiveLearner,CensoredObservation,0,100000,47830.0
NaiveLearner,CryingBaby,0,100000,-77042.0
NaiveLearner,CryingBaby2,0,100000,-98632.0
NaiveLearner,DelayedRewards,0,100000,99626.0
NaiveLearner,FalseMemories,0,100000,71872.0
NaiveLearner,IgnoreActions,0,100000,100000.0
NaiveLearner,IgnoreObservations,0,100000,99998.0
NaiveLearner,IgnoreRewards,0,100000,100000.0
NaiveLearner,IgnoreRewards2,0,100000,84334.0
NaiveLearner,IgnoreRewards3,0,100000,99998.0
NaiveLearner,IncentivizeZero,0,100000,-96934.0
NaiveLearner,LimitedMemory,0,100000,84836.0
NaiveLearner,NthRewardMultipliedByN,0,100000,99974.0
NaiveLearner,PunishNondeterministicAgent,0,100000,100000.0
NaiveLearner,Repeater,0,100000,71428.0
NaiveLearner,ReverseHistory,0,100000,100000.0
NaiveLearner,SelfRecognition,0,100000,56630.0
NaiveLearner,ShiftedRewards,0,100000,99992.0
NaiveLearner,TemptingButton,0,100000,-42882.0
NaiveLearner,TemptingButtonVariation,0,100000,17435.0
NaiveLearner,ThirdActionForbidden,0,100000,84576.0
NaiveLearner,minus_rewards(AdversarialSequenceEvader),0,100000,100000.0
NaiveLearner,minus_rewards(AdversarialSequencePredictor),0,100000,-100000.0
NaiveLearner,minus_rewards(AfterImages),0,100000,48770.0
NaiveLearner,minus_rewards(CensoredObservation),0,100000,72248.0
NaiveLearner,minus_rewards(CryingBaby),0,100000,-85126.0
NaiveLearner,minus_rewards(CryingBaby2),0,100000,98716.0
NaiveLearner,minus_rewards(DelayedRewards),0,100000,70126.0
NaiveLearner,minus_rewards(FalseMemories),0,100000,72230.0
NaiveLearner,minus_rewards(IgnoreActions),0,100000,-100000.0
NaiveLearner,minus_rewards(IgnoreObservations),0,100000,36582.0
NaiveLearner,minus_rewards(IgnoreRewards),0,100000,69878.0
NaiveLearner,minus_rewards(IgnoreRewards2),0,100000,-54.0
NaiveLearner,minus_rewards(IgnoreRewards3),0,100000,70162.0
NaiveLearner,minus_rewards(IncentivizeZero),0,100000,97012.0
NaiveLearner,minus_rewards(LimitedMemory),0,100000,85190.0
NaiveLearner,minus_rewards(NthRewardMultipliedByN),0,100000,70512.0
NaiveLearner,minus_rewards(PunishNondeterministicAgent),0,100000,69690.0
NaiveLearner,minus_rewards(Repeater),0,100000,72174.0
NaiveLearner,minus_rewards(ReverseHistory),0,100000,69960.0
NaiveLearner,minus_rewards(SelfRecognition),0,100000,56424.0
NaiveLearner,minus_rewards(ShiftedRewards),0,100000,-86224.0
NaiveLearner,minus_rewards(TemptingButton),0,100000,85076.0
NaiveLearner,minus_rewards(TemptingButtonVariation),0,100000,67536.0
NaiveLearner,minus_rewards(ThirdActionForbidden),0,100000,85038.0
PPO_learner,AdversarialSequenceEvader,0,100000,272.0
PPO_learner,AdversarialSequencePredictor,0,100000,-88.0
PPO_learner,AfterImages,0,100000,-328.0
PPO_learner,CensoredObservation,0,100000,-406.0
PPO_learner,CryingBaby,0,100000,-1178.0
PPO_learner,CryingBaby2,0,100000,-10324.0
PPO_learner,DelayedRewards,0,100000,360.0
PPO_learner,FalseMemories,0,100000,338.0
PPO_learner,IgnoreActions,0,100000,-312.0
PPO_learner,IgnoreObservations,0,100000,-520.0
PPO_learner,IgnoreRewards,0,100000,-406.0
PPO_learner,IgnoreRewards2,0,100000,452.0
PPO_learner,IgnoreRewards3,0,100000,-156.0
PPO_learner,IncentivizeLearningRate,0,100000,100000.0
PPO_learner,IncentivizeZero,0,100000,-79610.0
PPO_learner,LimitedMemory,0,100000,2582.0
PPO_learner,NthRewardMultipliedByN,0,100000,-208.0
PPO_learner,PunishNondeterministicAgent,0,100000,100000.0
PPO_learner,Repeater,0,100000,362.0
PPO_learner,ReverseHistory,0,100000,356.0
PPO_learner,SelfRecognition,0,100000,37834.0
PPO_learner,ShiftedRewards,0,100000,64.0
PPO_learner,TemptingButton,0,100000,-36634.0
PPO_learner,TemptingButtonVariation,0,100000,8626.0
PPO_learner,ThirdActionForbidden,0,100000,-35392.0
PPO_learner,minus_rewards(AdversarialSequenceEvader),0,100000,100000.0
PPO_learner,minus_rewards(AdversarialSequencePredictor),0,100000,-100000.0
PPO_learner,minus_rewards(AfterImages),0,100000,590.0
PPO_learner,minus_rewards(CensoredObservation),0,100000,310.0
PPO_learner,minus_rewards(CryingBaby),0,100000,894.0
PPO_learner,minus_rewards(CryingBaby2),0,100000,6618.0
PPO_learner,minus_rewards(DelayedRewards),0,100000,832.0
PPO_learner,minus_rewards(FalseMemories),0,100000,1160.0
PPO_learner,minus_rewards(IgnoreActions),0,100000,538.0
PPO_learner,minus_rewards(IgnoreObservations),0,100000,760.0
PPO_learner,minus_rewards(IgnoreRewards),0,100000,506.0
PPO_learner,minus_rewards(IgnoreRewards2),0,100000,-410.0
PPO_learner,minus_rewards(IgnoreRewards3),0,100000,620.0
PPO_learner,minus_rewards(IncentivizeLearningRate),0,100000,51308.0
PPO_learner,minus_rewards(IncentivizeZero),0,100000,79296.0
PPO_learner,minus_rewards(LimitedMemory),0,100000,252.0
PPO_learner,minus_rewards(NthRewardMultipliedByN),0,100000,770.0
PPO_learner,minus_rewards(PunishNondeterministicAgent),0,100000,1016.0
PPO_learner,minus_rewards(Repeater),0,100000,486.0
PPO_learner,minus_rewards(ReverseHistory),0,100000,716.0
PPO_learner,minus_rewards(SelfRecognition),0,100000,35810.0
PPO_learner,minus_rewards(ShiftedRewards),0,100000,1008.0
PPO_learner,minus_rewards(TemptingButton),0,100000,75376.0
PPO_learner,minus_rewards(TemptingButtonVariation),0,100000,-5517.0
PPO_learner,minus_rewards(ThirdActionForbidden),0,100000,36314.0
Q_learner,AdversarialSequenceEvader,0,100000,-3758.0
Q_learner,AdversarialSequencePredictor,0,100000,3928.0
Q_learner,AfterImages,0,100000,44334.0
Q_learner,CensoredObservation,0,100000,81458.0
Q_learner,CryingBaby,0,100000,14114.0
Q_learner,CryingBaby2,0,100000,-90672.0
Q_learner,DelayedRewards,0,100000,97640.0
Q_learner,FalseMemories,0,100000,80750.0
Q_learner,IgnoreActions,0,100000,100000.0
Q_learner,IgnoreObservations,0,100000,10258.0
Q_learner,IgnoreRewards,0,100000,9994.0
Q_learner,IgnoreRewards2,0,100000,89030.0
Q_learner,IgnoreRewards3,0,100000,9912.0
Q_learner,IncentivizeLearningRate,0,100000,99786.0
Q_learner,IncentivizeZero,0,100000,44336.0
Q_learner,LimitedMemory,0,100000,89760.0
Q_learner,NthRewardMultipliedByN,0,100000,99966.0
Q_learner,PunishNondeterministicAgent,0,100000,100000.0
Q_learner,Repeater,0,100000,81762.0
Q_learner,ReverseHistory,0,100000,99998.0
Q_learner,SelfRecognition,0,100000,50119.0
Q_learner,ShiftedRewards,0,100000,99996.0
Q_learner,TemptingButton,0,100000,-45580.0
Q_learner,TemptingButtonVariation,0,100000,19917.0
Q_learner,ThirdActionForbidden,0,100000,89810.0
Q_learner,minus_rewards(AdversarialSequenceEvader),0,100000,100000.0
Q_learner,minus_rewards(AdversarialSequencePredictor),0,100000,-100000.0
Q_learner,minus_rewards(AfterImages),0,100000,22366.0
Q_learner,minus_rewards(CensoredObservation),0,100000,81224.0
Q_learner,minus_rewards(CryingBaby),0,100000,21300.0
Q_learner,minus_rewards(CryingBaby2),0,100000,98676.0
Q_learner,minus_rewards(DelayedRewards),0,100000,79678.0
Q_learner,minus_rewards(FalseMemories),0,100000,81064.0
Q_learner,minus_rewards(IgnoreActions),0,100000,-2.0
Q_learner,minus_rewards(IgnoreObservations),0,100000,-10026.0
Q_learner,minus_rewards(IgnoreRewards),0,100000,-10562.0
Q_learner,minus_rewards(IgnoreRewards2),0,100000,36578.0
Q_learner,minus_rewards(IgnoreRewards3),0,100000,-9998.0
Q_learner,minus_rewards(IncentivizeLearningRate),0,100000,79570.0
Q_learner,minus_rewards(IncentivizeZero),0,100000,98056.0
Q_learner,minus_rewards(LimitedMemory),0,100000,89828.0
Q_learner,minus_rewards(NthRewardMultipliedByN),0,100000,80024.0
Q_learner,minus_rewards(PunishNondeterministicAgent),0,100000,80050.0
Q_learner,minus_rewards(Repeater),0,100000,80918.0
Q_learner,minus_rewards(ReverseHistory),0,100000,80000.0
Q_learner,minus_rewards(SelfRecognition),0,100000,38147.0
Q_learner,minus_rewards(ShiftedRewards),0,100000,75504.0
Q_learner,minus_rewards(TemptingButton),0,100000,90176.0
Q_learner,minus_rewards(TemptingButtonVariation),0,100000,69983.0
Q_learner,minus_rewards(ThirdActionForbidden),0,100000,90068.0
RandomAgent,AdversarialSequenceEvader,0,100000,-100000.0
RandomAgent,AdversarialSequencePredictor,0,100000,100000.0
RandomAgent,AfterImages,0,100000,100000.0
RandomAgent,CensoredObservation,0,100000,-210.0
RandomAgent,CryingBaby,0,100000,-486.0
RandomAgent,CryingBaby2,0,100000,-662.0
RandomAgent,DelayedRewards,0,100000,100000.0
RandomAgent,FalseMemories,0,100000,328.0
RandomAgent,IgnoreActions,0,100000,100000.0
RandomAgent,IgnoreObservations,0,100000,100000.0
RandomAgent,IgnoreRewards,0,100000,100000.0
RandomAgent,IgnoreRewards2,0,100000,508.0
RandomAgent,IgnoreRewards3,0,100000,100000.0
RandomAgent,IncentivizeZero,0,100000,-80098.0
RandomAgent,LimitedMemory,0,100000,258.0
RandomAgent,NthRewardMultipliedByN,0,100000,100000.0
RandomAgent,PunishNondeterministicAgent,0,100000,100000.0
RandomAgent,Repeater,0,100000,318.0
RandomAgent,ReverseHistory,0,100000,100000.0
RandomAgent,SelfRecognition,0,100000,-42.0
RandomAgent,ShiftedRewards,0,100000,100000.0
RandomAgent,TemptingButton,0,100000,-100.0
RandomAgent,TemptingButtonVariation,0,100000,-24945.0
RandomAgent,ThirdActionForbidden,0,100000,-226.0
RandomAgent,minus_rewards(AdversarialSequenceEvader),0,100000,100000.0
RandomAgent,minus_rewards(AdversarialSequencePredictor),0,100000,-100000.0
RandomAgent,minus_rewards(AfterImages),0,100000,-100000.0
RandomAgent,minus_rewards(CensoredObservation),0,100000,72.0
RandomAgent,minus_rewards(CryingBaby),0,100000,214.0
RandomAgent,minus_rewards(CryingBaby2),0,100000,696.0
RandomAgent,minus_rewards(DelayedRewards),0,100000,-100000.0
RandomAgent,minus_rewards(FalseMemories),0,100000,232.0
RandomAgent,minus_rewards(IgnoreActions),0,100000,-100000.0
RandomAgent,minus_rewards(IgnoreObservations),0,100000,-100000.0
RandomAgent,minus_rewards(IgnoreRewards),0,100000,-100000.0
RandomAgent,minus_rewards(IgnoreRewards2),0,100000,-110.0
RandomAgent,minus_rewards(IgnoreRewards3),0,100000,-100000.0
RandomAgent,minus_rewards(IncentivizeZero),0,100000,79784.0
RandomAgent,minus_rewards(LimitedMemory),0,100000,-386.0
RandomAgent,minus_rewards(NthRewardMultipliedByN),0,100000,-100000.0
RandomAgent,minus_rewards(PunishNondeterministicAgent),0,100000,-100000.0
RandomAgent,minus_rewards(Repeater),0,100000,-218.0
RandomAgent,minus_rewards(ReverseHistory),0,100000,-100000.0
RandomAgent,minus_rewards(SelfRecognition),0,100000,41.0
RandomAgent,minus_rewards(ShiftedRewards),0,100000,-100000.0
RandomAgent,minus_rewards(TemptingButton),0,100000,128.0
RandomAgent,minus_rewards(TemptingButtonVariation),0,100000,24670.0
RandomAgent,minus_rewards(ThirdActionForbidden),0,100000,44.0
reality_check(A2C_learner),AdversarialSequenceEvader,0,100000,684.0
reality_check(A2C_learner),AdversarialSequencePredictor,0,100000,310.0
reality_check(A2C_learner),AfterImages,0,100000,99844.0
reality_check(A2C_learner),CensoredObservation,0,100000,99856.0
reality_check(A2C_learner),CryingBaby,0,100000,-99994.0
reality_check(A2C_learner),CryingBaby2,0,100000,-99988.0
reality_check(A2C_learner),DelayedRewards,0,100000,99930.0
reality_check(A2C_learner),FalseMemories,0,100000,99942.0
reality_check(A2C_learner),IgnoreActions,0,100000,99942.0
reality_check(A2C_learner),IgnoreObservations,0,100000,99870.0
reality_check(A2C_learner),IgnoreRewards,0,100000,99906.0
reality_check(A2C_learner),IgnoreRewards2,0,100000,99942.0
reality_check(A2C_learner),IgnoreRewards3,0,100000,32948.0
reality_check(A2C_learner),IncentivizeLearningRate,0,100000,100000.0
reality_check(A2C_learner),IncentivizeZero,0,100000,-98496.0
reality_check(A2C_learner),LimitedMemory,0,100000,42858.0
reality_check(A2C_learner),NthRewardMultipliedByN,0,100000,99906.0
reality_check(A2C_learner),PunishNondeterministicAgent,0,100000,100000.0
reality_check(A2C_learner),Repeater,0,100000,99906.0
reality_check(A2C_learner),ReverseHistory,0,100000,99870.0
reality_check(A2C_learner),SelfRecognition,0,100000,66157.0
reality_check(A2C_learner),ShiftedRewards,0,100000,99906.0
reality_check(A2C_learner),TemptingButton,0,100000,-49854.0
reality_check(A2C_learner),TemptingButtonVariation,0,100000,-35682.0
reality_check(A2C_learner),ThirdActionForbidden,0,100000,99904.0
reality_check(A2C_learner),minus_rewards(AdversarialSequenceEvader),0,100000,100000.0
reality_check(A2C_learner),minus_rewards(AdversarialSequencePredictor),0,100000,-100000.0
reality_check(A2C_learner),minus_rewards(AfterImages),0,100000,99828.0
reality_check(A2C_learner),minus_rewards(CensoredObservation),0,100000,99906.0
reality_check(A2C_learner),minus_rewards(CryingBaby),0,100000,99994.0
reality_check(A2C_learner),minus_rewards(CryingBaby2),0,100000,99988.0
reality_check(A2C_learner),minus_rewards(DelayedRewards),0,100000,99892.0
reality_check(A2C_learner),minus_rewards(FalseMemories),0,100000,99922.0
reality_check(A2C_learner),minus_rewards(IgnoreActions),0,100000,99922.0
reality_check(A2C_learner),minus_rewards(IgnoreObservations),0,100000,99848.0
reality_check(A2C_learner),minus_rewards(IgnoreRewards),0,100000,99892.0
reality_check(A2C_learner),minus_rewards(IgnoreRewards2),0,100000,99922.0
reality_check(A2C_learner),minus_rewards(IgnoreRewards3),0,100000,32902.0
reality_check(A2C_learner),minus_rewards(IncentivizeLearningRate),0,100000,99892.0
reality_check(A2C_learner),minus_rewards(IncentivizeZero),0,100000,83934.0
reality_check(A2C_learner),minus_rewards(LimitedMemory),0,100000,99884.0
reality_check(A2C_learner),minus_rewards(NthRewardMultipliedByN),0,100000,99892.0
reality_check(A2C_learner),minus_rewards(PunishNondeterministicAgent),0,100000,99892.0
reality_check(A2C_learner),minus_rewards(Repeater),0,100000,99912.0
reality_check(A2C_learner),minus_rewards(ReverseHistory),0,100000,99910.0
reality_check(A2C_learner),minus_rewards(SelfRecognition),0,100000,66518.0
reality_check(A2C_learner),minus_rewards(ShiftedRewards),0,100000,99892.0
reality_check(A2C_learner),minus_rewards(TemptingButton),0,100000,-50318.0
reality_check(A2C_learner),minus_rewards(TemptingButtonVariation),0,100000,-46.0
reality_check(A2C_learner),minus_rewards(ThirdActionForbidden),0,100000,99924.0
reality_check(ConstantAgent),AdversarialSequenceEvader,0,100000,-100000.0
reality_check(ConstantAgent),AdversarialSequencePredictor,0,100000,100000.0
reality_check(ConstantAgent),AfterImages,0,100000,100000.0
reality_check(ConstantAgent),CensoredObservation,0,100000,100000.0
reality_check(ConstantAgent),CryingBaby,0,100000,100000.0
reality_check(ConstantAgent),CryingBaby2,0,100000,-99996.0
reality_check(ConstantAgent),DelayedRewards,0,100000,100000.0
reality_check(ConstantAgent),FalseMemories,0,100000,100000.0
reality_check(ConstantAgent),IgnoreActions,0,100000,100000.0
reality_check(ConstantAgent),IgnoreObservations,0,100000,100000.0
reality_check(ConstantAgent),IgnoreRewards,0,100000,100000.0
reality_check(ConstantAgent),IgnoreRewards2,0,100000,100000.0
reality_check(ConstantAgent),IgnoreRewards3,0,100000,100000.0
reality_check(ConstantAgent),IncentivizeZero,0,100000,100000.0
reality_check(ConstantAgent),LimitedMemory,0,100000,100000.0
reality_check(ConstantAgent),NthRewardMultipliedByN,0,100000,100000.0
reality_check(ConstantAgent),PunishNondeterministicAgent,0,100000,100000.0
reality_check(ConstantAgent),Repeater,0,100000,100000.0
reality_check(ConstantAgent),ReverseHistory,0,100000,100000.0
reality_check(ConstantAgent),SelfRecognition,0,100000,359.0
reality_check(ConstantAgent),ShiftedRewards,0,100000,100000.0
reality_check(ConstantAgent),TemptingButton,0,100000,-50032.0
reality_check(ConstantAgent),TemptingButtonVariation,0,100000,-49756.0
reality_check(ConstantAgent),ThirdActionForbidden,0,100000,100000.0
reality_check(ConstantAgent),minus_rewards(AdversarialSequenceEvader),0,100000,100000.0
reality_check(ConstantAgent),minus_rewards(AdversarialSequencePredictor),0,100000,-100000.0
reality_check(ConstantAgent),minus_rewards(AfterImages),0,100000,-100000.0
reality_check(ConstantAgent),minus_rewards(CensoredObservation),0,100000,-100000.0
reality_check(ConstantAgent),minus_rewards(CryingBaby),0,100000,-100000.0
reality_check(ConstantAgent),minus_rewards(CryingBaby2),0,100000,99996.0
reality_check(ConstantAgent),minus_rewards(DelayedRewards),0,100000,-100000.0
reality_check(ConstantAgent),minus_rewards(FalseMemories),0,100000,-100000.0
reality_check(ConstantAgent),minus_rewards(IgnoreActions),0,100000,-100000.0
reality_check(ConstantAgent),minus_rewards(IgnoreObservations),0,100000,-100000.0
reality_check(ConstantAgent),minus_rewards(IgnoreRewards),0,100000,-100000.0
reality_check(ConstantAgent),minus_rewards(IgnoreRewards2),0,100000,-100000.0
reality_check(ConstantAgent),minus_rewards(IgnoreRewards3),0,100000,-100000.0
reality_check(ConstantAgent),minus_rewards(IncentivizeZero),0,100000,-100000.0
reality_check(ConstantAgent),minus_rewards(LimitedMemory),0,100000,-100000.0
reality_check(ConstantAgent),minus_rewards(NthRewardMultipliedByN),0,100000,-100000.0
reality_check(ConstantAgent),minus_rewards(PunishNondeterministicAgent),0,100000,-100000.0
reality_check(ConstantAgent),minus_rewards(Repeater),0,100000,-100000.0
reality_check(ConstantAgent),minus_rewards(ReverseHistory),0,100000,-100000.0
reality_check(ConstantAgent),minus_rewards(SelfRecognition),0,100000,-156.0
reality_check(ConstantAgent),minus_rewards(ShiftedRewards),0,100000,-100000.0
reality_check(ConstantAgent),minus_rewards(TemptingButton),0,100000,50362.0
reality_check(ConstantAgent),minus_rewards(TemptingButtonVariation),0,100000,49728.0
reality_check(ConstantAgent),minus_rewards(ThirdActionForbidden),0,100000,-100000.0
reality_check(DQN_learner),AdversarialSequenceEvader,0,100000,-106.0
reality_check(DQN_learner),AdversarialSequencePredictor,0,100000,420.0
reality_check(DQN_learner),AfterImages,0,100000,94392.0
reality_check(DQN_learner),CensoredObservation,0,100000,94854.0
reality_check(DQN_learner),CryingBaby,0,100000,-99908.0
reality_check(DQN_learner),CryingBaby2,0,100000,-99996.0
reality_check(DQN_learner),DelayedRewards,0,100000,94854.0
reality_check(DQN_learner),FalseMemories,0,100000,94866.0
reality_check(DQN_learner),IgnoreActions,0,100000,94866.0
reality_check(DQN_learner),IgnoreObservations,0,100000,94144.0
reality_check(DQN_learner),IgnoreRewards,0,100000,94854.0
reality_check(DQN_learner),IgnoreRewards2,0,100000,94866.0
reality_check(DQN_learner),IgnoreRewards3,0,100000,-4340.0
reality_check(DQN_learner),IncentivizeLearningRate,0,100000,100000.0
reality_check(DQN_learner),IncentivizeZero,0,100000,-98930.0
reality_check(DQN_learner),LimitedMemory,0,100000,90326.0
reality_check(DQN_learner),NthRewardMultipliedByN,0,100000,94854.0
reality_check(DQN_learner),PunishNondeterministicAgent,0,100000,100000.0
reality_check(DQN_learner),Repeater,0,100000,94878.0
reality_check(DQN_learner),ReverseHistory,0,100000,94764.0
reality_check(DQN_learner),SelfRecognition,0,100000,2118.0
reality_check(DQN_learner),ShiftedRewards,0,100000,94854.0
reality_check(DQN_learner),TemptingButton,0,100000,-47294.0
reality_check(DQN_learner),TemptingButtonVariation,0,100000,22357.0
reality_check(DQN_learner),ThirdActionForbidden,0,100000,-100000.0
reality_check(DQN_learner),minus_rewards(AdversarialSequenceEvader),0,100000,100000.0
reality_check(DQN_learner),minus_rewards(AdversarialSequencePredictor),0,100000,-100000.0
reality_check(DQN_learner),minus_rewards(AfterImages),0,100000,94738.0
reality_check(DQN_learner),minus_rewards(CensoredObservation),0,100000,94464.0
reality_check(DQN_learner),minus_rewards(CryingBaby),0,100000,99886.0
reality_check(DQN_learner),minus_rewards(CryingBaby2),0,100000,99996.0
reality_check(DQN_learner),minus_rewards(DelayedRewards),0,100000,94994.0
reality_check(DQN_learner),minus_rewards(FalseMemories),0,100000,95008.0
reality_check(DQN_learner),minus_rewards(IgnoreActions),0,100000,95008.0
reality_check(DQN_learner),minus_rewards(IgnoreObservations),0,100000,94642.0
reality_check(DQN_learner),minus_rewards(IgnoreRewards),0,100000,94994.0
reality_check(DQN_learner),minus_rewards(IgnoreRewards2),0,100000,95008.0
reality_check(DQN_learner),minus_rewards(IgnoreRewards3),0,100000,-4032.0
reality_check(DQN_learner),minus_rewards(IncentivizeLearningRate),0,100000,95030.0
reality_check(DQN_learner),minus_rewards(IncentivizeZero),0,100000,98930.0
reality_check(DQN_learner),minus_rewards(LimitedMemory),0,100000,95120.0
reality_check(DQN_learner),minus_rewards(NthRewardMultipliedByN),0,100000,94994.0
reality_check(DQN_learner),minus_rewards(PunishNondeterministicAgent),0,100000,94994.0
reality_check(DQN_learner),minus_rewards(Repeater),0,100000,94996.0
reality_check(DQN_learner),minus_rewards(ReverseHistory),0,100000,94980.0
reality_check(DQN_learner),minus_rewards(SelfRecognition),0,100000,62941.0
reality_check(DQN_learner),minus_rewards(ShiftedRewards),0,100000,94994.0
reality_check(DQN_learner),minus_rewards(TemptingButton),0,100000,-51250.0
reality_check(DQN_learner),minus_rewards(TemptingButtonVariation),0,100000,-2597.0
reality_check(DQN_learner),minus_rewards(ThirdActionForbidden),0,100000,100000.0
reality_check(NaiveLearner),AdversarialSequenceEvader,0,100000,-99906.0
reality_check(NaiveLearner),AdversarialSequencePredictor,0,100000,99712.0
reality_check(NaiveLearner),AfterImages,0,100000,100000.0
reality_check(NaiveLearner),CensoredObservation,0,100000,85128.0
reality_check(NaiveLearner),CryingBaby,0,100000,-99910.0
reality_check(NaiveLearner),CryingBaby2,0,100000,-98340.0
reality_check(NaiveLearner),DelayedRewards,0,100000,84432.0
reality_check(NaiveLearner),FalseMemories,0,100000,84966.0
reality_check(NaiveLearner),IgnoreActions,0,100000,84990.0
reality_check(NaiveLearner),IgnoreObservations,0,100000,85028.0
reality_check(NaiveLearner),IgnoreRewards,0,100000,100000.0
reality_check(NaiveLearner),IgnoreRewards2,0,100000,85172.0
reality_check(NaiveLearner),IgnoreRewards3,0,100000,100000.0
reality_check(NaiveLearner),IncentivizeZero,0,100000,-96988.0
reality_check(NaiveLearner),LimitedMemory,0,100000,84752.0
reality_check(NaiveLearner),NthRewardMultipliedByN,0,100000,85632.0
reality_check(NaiveLearner),PunishNondeterministicAgent,0,100000,100000.0
reality_check(NaiveLearner),Repeater,0,100000,85234.0
reality_check(NaiveLearner),ReverseHistory,0,100000,100000.0
reality_check(NaiveLearner),SelfRecognition,0,100000,28565.0
reality_check(NaiveLearner),ShiftedRewards,0,100000,84792.0
reality_check(NaiveLearner),TemptingButton,0,100000,-42362.0
reality_check(NaiveLearner),TemptingButtonVariation,0,100000,17401.0
reality_check(NaiveLearner),ThirdActionForbidden,0,100000,84784.0
reality_check(NaiveLearner),minus_rewards(AdversarialSequenceEvader),0,100000,100000.0
reality_check(NaiveLearner),minus_rewards(AdversarialSequencePredictor),0,100000,-100000.0
reality_check(NaiveLearner),minus_rewards(AfterImages),0,100000,84772.0
reality_check(NaiveLearner),minus_rewards(CensoredObservation),0,100000,85724.0
reality_check(NaiveLearner),minus_rewards(CryingBaby),0,100000,99994.0
reality_check(NaiveLearner),minus_rewards(CryingBaby2),0,100000,99984.0
reality_check(NaiveLearner),minus_rewards(DelayedRewards),0,100000,84734.0
reality_check(NaiveLearner),minus_rewards(FalseMemories),0,100000,85246.0
reality_check(NaiveLearner),minus_rewards(IgnoreActions),0,100000,85212.0
reality_check(NaiveLearner),minus_rewards(IgnoreObservations),0,100000,85294.0
reality_check(NaiveLearner),minus_rewards(IgnoreRewards),0,100000,85246.0
reality_check(NaiveLearner),minus_rewards(IgnoreRewards2),0,100000,85244.0
reality_check(NaiveLearner),minus_rewards(IgnoreRewards3),0,100000,70274.0
reality_check(NaiveLearner),minus_rewards(IncentivizeZero),0,100000,97054.0
reality_check(NaiveLearner),minus_rewards(LimitedMemory),0,100000,85210.0
reality_check(NaiveLearner),minus_rewards(NthRewardMultipliedByN),0,100000,84982.0
reality_check(NaiveLearner),minus_rewards(PunishNondeterministicAgent),0,100000,84950.0
reality_check(NaiveLearner),minus_rewards(Repeater),0,100000,85022.0
reality_check(NaiveLearner),minus_rewards(ReverseHistory),0,100000,84912.0
reality_check(NaiveLearner),minus_rewards(SelfRecognition),0,100000,56644.0
reality_check(NaiveLearner),minus_rewards(ShiftedRewards),0,100000,85418.0
reality_check(NaiveLearner),minus_rewards(TemptingButton),0,100000,96276.0
reality_check(NaiveLearner),minus_rewards(TemptingButtonVariation),0,100000,-7286.0
reality_check(NaiveLearner),minus_rewards(ThirdActionForbidden),0,100000,84706.0
reality_check(PPO_learner),AdversarialSequenceEvader,0,100000,272.0
reality_check(PPO_learner),AdversarialSequencePredictor,0,100000,-88.0
reality_check(PPO_learner),AfterImages,0,100000,51036.0
reality_check(PPO_learner),CensoredObservation,0,100000,51282.0
reality_check(PPO_learner),CryingBaby,0,100000,-99994.0
reality_check(PPO_learner),CryingBaby2,0,100000,-99988.0
reality_check(PPO_learner),DelayedRewards,0,100000,52530.0
reality_check(PPO_learner),FalseMemories,0,100000,53838.0
reality_check(PPO_learner),IgnoreActions,0,100000,53838.0
reality_check(PPO_learner),IgnoreObservations,0,100000,49936.0
reality_check(PPO_learner),IgnoreRewards,0,100000,54090.0
reality_check(PPO_learner),IgnoreRewards2,0,100000,53838.0
reality_check(PPO_learner),IgnoreRewards3,0,100000,-156.0
reality_check(PPO_learner),IncentivizeLearningRate,0,100000,100000.0
reality_check(PPO_learner),IncentivizeZero,0,100000,-79610.0
reality_check(PPO_learner),LimitedMemory,0,100000,53996.0
reality_check(PPO_learner),NthRewardMultipliedByN,0,100000,54090.0
reality_check(PPO_learner),PunishNondeterministicAgent,0,100000,100000.0
reality_check(PPO_learner),Repeater,0,100000,54090.0
reality_check(PPO_learner),ReverseHistory,0,100000,52384.0
reality_check(PPO_learner),SelfRecognition,0,100000,38106.0
reality_check(PPO_learner),ShiftedRewards,0,100000,54090.0
reality_check(PPO_learner),TemptingButton,0,100000,-23902.0
reality_check(PPO_learner),TemptingButtonVariation,0,100000,7958.0
reality_check(PPO_learner),ThirdActionForbidden,0,100000,52380.0
reality_check(PPO_learner),minus_rewards(AdversarialSequenceEvader),0,100000,100000.0
reality_check(PPO_learner),minus_rewards(AdversarialSequencePredictor),0,100000,-100000.0
reality_check(PPO_learner),minus_rewards(AfterImages),0,100000,48824.0
reality_check(PPO_learner),minus_rewards(CensoredObservation),0,100000,53120.0
reality_check(PPO_learner),minus_rewards(CryingBaby),0,100000,99994.0
reality_check(PPO_learner),minus_rewards(CryingBaby2),0,100000,99988.0
reality_check(PPO_learner),minus_rewards(DelayedRewards),0,100000,52738.0
reality_check(PPO_learner),minus_rewards(FalseMemories),0,100000,54482.0
reality_check(PPO_learner),minus_rewards(IgnoreActions),0,100000,54482.0
reality_check(PPO_learner),minus_rewards(IgnoreObservations),0,100000,50066.0
reality_check(PPO_learner),minus_rewards(IgnoreRewards),0,100000,52738.0
reality_check(PPO_learner),minus_rewards(IgnoreRewards2),0,100000,54482.0
reality_check(PPO_learner),minus_rewards(IgnoreRewards3),0,100000,620.0
reality_check(PPO_learner),minus_rewards(IncentivizeLearningRate),0,100000,52738.0
reality_check(PPO_learner),minus_rewards(IncentivizeZero),0,100000,79296.0
reality_check(PPO_learner),minus_rewards(LimitedMemory),0,100000,50584.0
reality_check(PPO_learner),minus_rewards(NthRewardMultipliedByN),0,100000,52738.0
reality_check(PPO_learner),minus_rewards(PunishNondeterministicAgent),0,100000,52738.0
reality_check(PPO_learner),minus_rewards(Repeater),0,100000,53768.0
reality_check(PPO_learner),minus_rewards(ReverseHistory),0,100000,53264.0
reality_check(PPO_learner),minus_rewards(SelfRecognition),0,100000,38530.0
reality_check(PPO_learner),minus_rewards(ShiftedRewards),0,100000,52738.0
reality_check(PPO_learner),minus_rewards(TemptingButton),0,100000,-61726.0
reality_check(PPO_learner),minus_rewards(TemptingButtonVariation),0,100000,-23357.0
reality_check(PPO_learner),minus_rewards(ThirdActionForbidden),0,100000,51640.0
reality_check(Q_learner),AdversarialSequenceEvader,0,100000,-3488.0
reality_check(Q_learner),AdversarialSequencePredictor,0,100000,3974.0
reality_check(Q_learner),AfterImages,0,100000,89956.0
reality_check(Q_learner),CensoredObservation,0,100000,90128.0
reality_check(Q_learner),CryingBaby,0,100000,-99996.0
reality_check(Q_learner),CryingBaby2,0,100000,-99972.0
reality_check(Q_learner),DelayedRewards,0,100000,90292.0
reality_check(Q_learner),FalseMemories,0,100000,89900.0
reality_check(Q_learner),IgnoreActions,0,100000,90220.0
reality_check(Q_learner),IgnoreObservations,0,100000,89818.0
reality_check(Q_learner),IgnoreRewards,0,100000,90310.0
reality_check(Q_learner),IgnoreRewards2,0,100000,89828.0
reality_check(Q_learner),IgnoreRewards3,0,100000,10132.0
reality_check(Q_learner),IncentivizeLearningRate,0,100000,90148.0
reality_check(Q_learner),IncentivizeZero,0,100000,30220.0
reality_check(Q_learner),LimitedMemory,0,100000,89976.0
reality_check(Q_learner),NthRewardMultipliedByN,0,100000,89916.0
reality_check(Q_learner),PunishNondeterministicAgent,0,100000,100000.0
reality_check(Q_learner),Repeater,0,100000,89900.0
reality_check(Q_learner),ReverseHistory,0,100000,89614.0
reality_check(Q_learner),SelfRecognition,0,100000,49468.0
reality_check(Q_learner),ShiftedRewards,0,100000,100000.0
reality_check(Q_learner),TemptingButton,0,100000,-44648.0
reality_check(Q_learner),TemptingButtonVariation,0,100000,19742.0
reality_check(Q_learner),ThirdActionForbidden,0,100000,89774.0
reality_check(Q_learner),minus_rewards(AdversarialSequenceEvader),0,100000,100000.0
reality_check(Q_learner),minus_rewards(AdversarialSequencePredictor),0,100000,-100000.0
reality_check(Q_learner),minus_rewards(AfterImages),0,100000,89756.0
reality_check(Q_learner),minus_rewards(CensoredObservation),0,100000,90398.0
reality_check(Q_learner),minus_rewards(CryingBaby),0,100000,99968.0
reality_check(Q_learner),minus_rewards(CryingBaby2),0,100000,99976.0
reality_check(Q_learner),minus_rewards(DelayedRewards),0,100000,89938.0
reality_check(Q_learner),minus_rewards(FalseMemories),0,100000,90126.0
reality_check(Q_learner),minus_rewards(IgnoreActions),0,100000,89498.0
reality_check(Q_learner),minus_rewards(IgnoreObservations),0,100000,89892.0
reality_check(Q_learner),minus_rewards(IgnoreRewards),0,100000,90074.0
reality_check(Q_learner),minus_rewards(IgnoreRewards2),0,100000,89614.0
reality_check(Q_learner),minus_rewards(IgnoreRewards3),0,100000,-10420.0
reality_check(Q_learner),minus_rewards(IncentivizeLearningRate),0,100000,90162.0
reality_check(Q_learner),minus_rewards(IncentivizeZero),0,100000,98100.0
reality_check(Q_learner),minus_rewards(LimitedMemory),0,100000,89562.0
reality_check(Q_learner),minus_rewards(NthRewardMultipliedByN),0,100000,90014.0
reality_check(Q_learner),minus_rewards(PunishNondeterministicAgent),0,100000,90110.0
reality_check(Q_learner),minus_rewards(Repeater),0,100000,90114.0
reality_check(Q_learner),minus_rewards(ReverseHistory),0,100000,89764.0
reality_check(Q_learner),minus_rewards(SelfRecognition),0,100000,59965.0
reality_check(Q_learner),minus_rewards(ShiftedRewards),0,100000,90032.0
reality_check(Q_learner),minus_rewards(TemptingButton),0,100000,-52192.0
reality_check(Q_learner),minus_rewards(TemptingButtonVariation),0,100000,-5041.0
reality_check(Q_learner),minus_rewards(ThirdActionForbidden),0,100000,100000.0
reality_check(RandomAgent),AdversarialSequenceEvader,0,100000,-100000.0
reality_check(RandomAgent),AdversarialSequencePredictor,0,100000,100000.0
reality_check(RandomAgent),AfterImages,0,100000,100000.0
reality_check(RandomAgent),CensoredObservation,0,100000,22.0
reality_check(RandomAgent),CryingBaby,0,100000,792.0
reality_check(RandomAgent),CryingBaby2,0,100000,-10.0
reality_check(RandomAgent),DelayedRewards,0,100000,100000.0
reality_check(RandomAgent),FalseMemories,0,100000,180.0
reality_check(RandomAgent),IgnoreActions,0,100000,156.0
reality_check(RandomAgent),IgnoreObservations,0,100000,100000.0
reality_check(RandomAgent),IgnoreRewards,0,100000,100000.0
reality_check(RandomAgent),IgnoreRewards2,0,100000,110.0
reality_check(RandomAgent),IgnoreRewards3,0,100000,100000.0
reality_check(RandomAgent),IncentivizeZero,0,100000,-80126.0
reality_check(RandomAgent),LimitedMemory,0,100000,110.0
reality_check(RandomAgent),NthRewardMultipliedByN,0,100000,100000.0
reality_check(RandomAgent),PunishNondeterministicAgent,0,100000,100000.0
reality_check(RandomAgent),Repeater,0,100000,370.0
reality_check(RandomAgent),ReverseHistory,0,100000,100000.0
reality_check(RandomAgent),SelfRecognition,0,100000,-165.0
reality_check(RandomAgent),ShiftedRewards,0,100000,100000.0
reality_check(RandomAgent),TemptingButton,0,100000,-758.0
reality_check(RandomAgent),TemptingButtonVariation,0,100000,-24814.0
reality_check(RandomAgent),ThirdActionForbidden,0,100000,-80.0
reality_check(RandomAgent),minus_rewards(AdversarialSequenceEvader),0,100000,100000.0
reality_check(RandomAgent),minus_rewards(AdversarialSequencePredictor),0,100000,-100000.0
reality_check(RandomAgent),minus_rewards(AfterImages),0,100000,-100000.0
reality_check(RandomAgent),minus_rewards(CensoredObservation),0,100000,-176.0
reality_check(RandomAgent),minus_rewards(CryingBaby),0,100000,156.0
reality_check(RandomAgent),minus_rewards(CryingBaby2),0,100000,-14.0
reality_check(RandomAgent),minus_rewards(DelayedRewards),0,100000,-100000.0
reality_check(RandomAgent),minus_rewards(FalseMemories),0,100000,-194.0
reality_check(RandomAgent),minus_rewards(IgnoreActions),0,100000,-310.0
reality_check(RandomAgent),minus_rewards(IgnoreObservations),0,100000,-100000.0
reality_check(RandomAgent),minus_rewards(IgnoreRewards),0,100000,-100000.0
reality_check(RandomAgent),minus_rewards(IgnoreRewards2),0,100000,192.0
reality_check(RandomAgent),minus_rewards(IgnoreRewards3),0,100000,-100000.0
reality_check(RandomAgent),minus_rewards(IncentivizeZero),0,100000,80152.0
reality_check(RandomAgent),minus_rewards(LimitedMemory),0,100000,-230.0
reality_check(RandomAgent),minus_rewards(NthRewardMultipliedByN),0,100000,-100000.0
reality_check(RandomAgent),minus_rewards(PunishNondeterministicAgent),0,100000,-100000.0
reality_check(RandomAgent),minus_rewards(Repeater),0,100000,-542.0
reality_check(RandomAgent),minus_rewards(ReverseHistory),0,100000,-100000.0
reality_check(RandomAgent),minus_rewards(SelfRecognition),0,100000,-157.0
reality_check(RandomAgent),minus_rewards(ShiftedRewards),0,100000,-100000.0
reality_check(RandomAgent),minus_rewards(TemptingButton),0,100000,-132.0
reality_check(RandomAgent),minus_rewards(TemptingButtonVariation),0,100000,25164.0
reality_check(RandomAgent),minus_rewards(ThirdActionForbidden),0,100000,198.0
A2C_learner,AdversarialSequenceEvader,1,100000,48.0
A2C_learner,AdversarialSequencePredictor,1,100000,1470.0
A2C_learner,AfterImages,1,100000,98588.0
A2C_learner,CensoredObservation,1,100000,99194.0
A2C_learner,CryingBaby,1,100000,99636.0
A2C_learner,CryingBaby2,1,100000,-99778.0
A2C_learner,DelayedRewards,1,100000,99598.0
A2C_learner,FalseMemories,1,100000,99632.0
A2C_learner,IgnoreActions,1,100000,92056.0
A2C_learner,IgnoreObservations,1,100000,92328.0
A2C_learner,IgnoreRewards,1,100000,8758.0
A2C_learner,IgnoreRewards2,1,100000,99866.0
A2C_learner,IgnoreRewards3,1,100000,7280.0
A2C_learner,IncentivizeLearningRate,1,100000,100000.0
A2C_learner,IncentivizeZero,1,100000,-99350.0
A2C_learner,LimitedMemory,1,100000,99912.0
A2C_learner,NthRewardMultipliedByN,1,100000,99598.0
A2C_learner,PunishNondeterministicAgent,1,100000,100000.0
A2C_learner,Repeater,1,100000,99796.0
A2C_learner,ReverseHistory,1,100000,99436.0
A2C_learner,SelfRecognition,1,100000,66647.0
A2C_learner,ShiftedRewards,1,100000,99816.0
A2C_learner,TemptingButton,1,100000,-49640.0
A2C_learner,TemptingButtonVariation,1,100000,-23944.0
A2C_learner,ThirdActionForbidden,1,100000,-99968.0
A2C_learner,minus_rewards(AdversarialSequencePredictor),1,100000,-100000.0
A2C_learner,minus_rewards(AfterImages),1,100000,99296.0
A2C_learner,minus_rewards(CensoredObservation),1,100000,98964.0
A2C_learner,minus_rewards(CryingBaby),1,100000,98508.0
A2C_learner,minus_rewards(CryingBaby2),1,100000,96390.0
A2C_learner,minus_rewards(DelayedRewards),1,100000,99796.0
A2C_learner,minus_rewards(FalseMemories),1,100000,99712.0
A2C_learner,minus_rewards(IgnoreActions),1,100000,89588.0
A2C_learner,minus_rewards(IgnoreObservations),1,100000,96254.0
A2C_learner,minus_rewards(IgnoreRewards),1,100000,6322.0
A2C_learner,minus_rewards(IgnoreRewards2),1,100000,99712.0
A2C_learner,minus_rewards(IgnoreRewards3),1,100000,6124.0
A2C_learner,minus_rewards(IncentivizeLearningRate),1,100000,99886.0
A2C_learner,minus_rewards(IncentivizeZero),1,100000,99298.0
A2C_learner,minus_rewards(LimitedMemory),1,100000,99790.0
A2C_learner,minus_rewards(NthRewardMultipliedByN),1,100000,99072.0
A2C_learner,minus_rewards(PunishNondeterministicAgent),1,100000,99074.0
A2C_learner,minus_rewards(Repeater),1,100000,97840.0
A2C_learner,minus_rewards(ReverseHistory),1,100000,99768.0
A2C_learner,minus_rewards(SelfRecognition),1,100000,66629.0
A2C_learner,minus_rewards(ShiftedRewards),1,100000,99812.0
A2C_learner,minus_rewards(TemptingButton),1,100000,99638.0
A2C_learner,minus_rewards(TemptingButtonVariation),1,100000,50341.0
A2C_learner,minus_rewards(ThirdActionForbidden),1,100000,99980.0
ConstantAgent,AdversarialSequenceEvader,1,100000,-100000.0
ConstantAgent,AdversarialSequencePredictor,1,100000,100000.0
ConstantAgent,AfterImages,1,100000,100000.0
ConstantAgent,CensoredObservation,1,100000,100000.0
ConstantAgent,CryingBaby,1,100000,100000.0
ConstantAgent,CryingBaby2,1,100000,-99996.0
ConstantAgent,DelayedRewards,1,100000,100000.0
ConstantAgent,FalseMemories,1,100000,100000.0
ConstantAgent,IgnoreActions,1,100000,100000.0
ConstantAgent,IgnoreObservations,1,100000,100000.0
ConstantAgent,IgnoreRewards,1,100000,100000.0
ConstantAgent,IgnoreRewards2,1,100000,100000.0
ConstantAgent,IgnoreRewards3,1,100000,100000.0
ConstantAgent,IncentivizeZero,1,100000,100000.0
ConstantAgent,LimitedMemory,1,100000,100000.0
ConstantAgent,NthRewardMultipliedByN,1,100000,100000.0
ConstantAgent,PunishNondeterministicAgent,1,100000,100000.0
ConstantAgent,Repeater,1,100000,100000.0
ConstantAgent,ReverseHistory,1,100000,100000.0
ConstantAgent,SelfRecognition,1,100000,-45.0
ConstantAgent,ShiftedRewards,1,100000,100000.0
ConstantAgent,TemptingButton,1,100000,-49728.0
ConstantAgent,TemptingButtonVariation,1,100000,-49728.0
ConstantAgent,ThirdActionForbidden,1,100000,100000.0
ConstantAgent,minus_rewards(AdversarialSequenceEvader),1,100000,100000.0
ConstantAgent,minus_rewards(AdversarialSequencePredictor),1,100000,-100000.0
ConstantAgent,minus_rewards(AfterImages),1,100000,-100000.0
ConstantAgent,minus_rewards(CensoredObservation),1,100000,-100000.0
ConstantAgent,minus_rewards(CryingBaby),1,100000,-100000.0
ConstantAgent,minus_rewards(CryingBaby2),1,100000,99996.0
ConstantAgent,minus_rewards(DelayedRewards),1,100000,-100000.0
ConstantAgent,minus_rewards(FalseMemories),1,100000,-100000.0
ConstantAgent,minus_rewards(IgnoreActions),1,100000,-100000.0
ConstantAgent,minus_rewards(IgnoreObservations),1,100000,-100000.0
ConstantAgent,minus_rewards(IgnoreRewards),1,100000,-100000.0
ConstantAgent,minus_rewards(IgnoreRewards2),1,100000,-100000.0
ConstantAgent,minus_rewards(IgnoreRewards3),1,100000,-100000.0
ConstantAgent,minus_rewards(IncentivizeZero),1,100000,-100000.0
ConstantAgent,minus_rewards(LimitedMemory),1,100000,-100000.0
ConstantAgent,minus_rewards(NthRewardMultipliedByN),1,100000,-100000.0
ConstantAgent,minus_rewards(PunishNondeterministicAgent),1,100000,-100000.0
ConstantAgent,minus_rewards(Repeater),1,100000,-100000.0
ConstantAgent,minus_rewards(ReverseHistory),1,100000,-100000.0
ConstantAgent,minus_rewards(SelfRecognition),1,100000,45.0
ConstantAgent,minus_rewards(ShiftedRewards),1,100000,-100000.0
ConstantAgent,minus_rewards(TemptingButton),1,100000,49728.0
ConstantAgent,minus_rewards(TemptingButtonVariation),1,100000,49728.0
ConstantAgent,minus_rewards(ThirdActionForbidden),1,100000,-100000.0
DQN_learner,AdversarialSequenceEvader,1,100000,-828.0
DQN_learner,AdversarialSequencePredictor,1,100000,750.0
DQN_learner,AfterImages,1,100000,90118.0
DQN_learner,CensoredObservation,1,100000,90076.0
DQN_learner,CryingBaby,1,100000,6532.0
DQN_learner,CryingBaby2,1,100000,-99484.0
DQN_learner,DelayedRewards,1,100000,90318.0
DQN_learner,FalseMemories,1,100000,90242.0
DQN_learner,IgnoreActions,1,100000,-4148.0
DQN_learner,IgnoreObservations,1,100000,90356.0
DQN_learner,IgnoreRewards,1,100000,8090.0
DQN_learner,IgnoreRewards2,1,100000,94916.0
DQN_learner,IgnoreRewards3,1,100000,10812.0
DQN_learner,IncentivizeLearningRate,1,100000,100000.0
DQN_learner,IncentivizeZero,1,100000,-99034.0
DQN_learner,LimitedMemory,1,100000,95012.0
DQN_learner,NthRewardMultipliedByN,1,100000,90356.0
DQN_learner,PunishNondeterministicAgent,1,100000,100000.0
DQN_learner,Repeater,1,100000,90308.0
DQN_learner,ReverseHistory,1,100000,90356.0
DQN_learner,SelfRecognition,1,100000,1587.0
DQN_learner,ShiftedRewards,1,100000,77624.0
DQN_learner,TemptingButton,1,100000,-46548.0
DQN_learner,TemptingButtonVariation,1,100000,22640.0
DQN_learner,ThirdActionForbidden,1,100000,88698.0
DQN_learner,minus_rewards(AdversarialSequenceEvader),1,100000,100000.0
DQN_learner,minus_rewards(AdversarialSequencePredictor),1,100000,-100000.0
DQN_learner,minus_rewards(AfterImages),1,100000,89782.0
DQN_learner,minus_rewards(CensoredObservation),1,100000,89766.0
DQN_learner,minus_rewards(CryingBaby),1,100000,17224.0
DQN_learner,minus_rewards(CryingBaby2),1,100000,99764.0
DQN_learner,minus_rewards(DelayedRewards),1,100000,90106.0
DQN_learner,minus_rewards(FalseMemories),1,100000,90040.0
DQN_learner,minus_rewards(IgnoreActions),1,100000,5506.0
DQN_learner,minus_rewards(IgnoreObservations),1,100000,89900.0
DQN_learner,minus_rewards(IgnoreRewards),1,100000,12764.0
DQN_learner,minus_rewards(IgnoreRewards2),1,100000,-1620.0
DQN_learner,minus_rewards(IgnoreRewards3),1,100000,9292.0
DQN_learner,minus_rewards(IncentivizeLearningRate),1,100000,89486.0
DQN_learner,minus_rewards(IncentivizeZero),1,100000,99034.0
DQN_learner,minus_rewards(LimitedMemory),1,100000,94656.0
DQN_learner,minus_rewards(NthRewardMultipliedByN),1,100000,90106.0
DQN_learner,minus_rewards(PunishNondeterministicAgent),1,100000,90106.0
DQN_learner,minus_rewards(Repeater),1,100000,90054.0
DQN_learner,minus_rewards(ReverseHistory),1,100000,89914.0
DQN_learner,minus_rewards(SelfRecognition),1,100000,279.0
DQN_learner,minus_rewards(ShiftedRewards),1,100000,89642.0
DQN_learner,minus_rewards(TemptingButton),1,100000,93972.0
DQN_learner,minus_rewards(TemptingButtonVariation),1,100000,20490.0
DQN_learner,minus_rewards(ThirdActionForbidden),1,100000,91642.0
NaiveLearner,AdversarialSequenceEvader,1,100000,-99964.0
NaiveLearner,AdversarialSequencePredictor,1,100000,99964.0
NaiveLearner,AfterImages,1,100000,74922.0
NaiveLearner,CensoredObservation,1,100000,48334.0
NaiveLearner,CryingBaby,1,100000,-77696.0
NaiveLearner,CryingBaby2,1,100000,-98592.0
NaiveLearner,DelayedRewards,1,100000,99874.0
NaiveLearner,FalseMemories,1,100000,71856.0
NaiveLearner,IgnoreActions,1,100000,99998.0
NaiveLearner,IgnoreObservations,1,100000,99998.0
NaiveLearner,IgnoreRewards,1,100000,99998.0
NaiveLearner,IgnoreRewards2,1,100000,83402.0
NaiveLearner,IgnoreRewards3,1,100000,99998.0
NaiveLearner,IncentivizeZero,1,100000,-96836.0
NaiveLearner,LimitedMemory,1,100000,84902.0
NaiveLearner,NthRewardMultipliedByN,1,100000,99976.0
NaiveLearner,PunishNondeterministicAgent,1,100000,100000.0
NaiveLearner,Repeater,1,100000,72384.0
NaiveLearner,ReverseHistory,1,100000,99998.0
NaiveLearner,SelfRecognition,1,100000,56567.0
NaiveLearner,ShiftedRewards,1,100000,99992.0
NaiveLearner,TemptingButton,1,100000,-42436.0
NaiveLearner,TemptingButtonVariation,1,100000,17584.0
NaiveLearner,ThirdActionForbidden,1,100000,85180.0
NaiveLearner,minus_rewards(AdversarialSequenceEvader),1,100000,100000.0
NaiveLearner,minus_rewards(AdversarialSequencePredictor),1,100000,-100000.0
NaiveLearner,minus_rewards(AfterImages),1,100000,-1748.0
NaiveLearner,minus_rewards(CensoredObservation),1,100000,48176.0
NaiveLearner,minus_rewards(CryingBaby),1,100000,916.0
NaiveLearner,minus_rewards(CryingBaby2),1,100000,98592.0
NaiveLearner,minus_rewards(DelayedRewards),1,100000,70036.0
NaiveLearner,minus_rewards(FalseMemories),1,100000,72396.0
NaiveLearner,minus_rewards(IgnoreActions),1,100000,-100000.0
NaiveLearner,minus_rewards(IgnoreObservations),1,100000,36070.0
NaiveLearner,minus_rewards(IgnoreRewards),1,100000,-100000.0
NaiveLearner,minus_rewards(IgnoreRewards2),1,100000,-632.0
NaiveLearner,minus_rewards(IgnoreRewards3),1,100000,-100000.0
NaiveLearner,minus_rewards(IncentivizeZero),1,100000,96836.0
NaiveLearner,minus_rewards(LimitedMemory),1,100000,84898.0
NaiveLearner,minus_rewards(NthRewardMultipliedByN),1,100000,69916.0
NaiveLearner,minus_rewards(PunishNondeterministicAgent),1,100000,70036.0
NaiveLearner,minus_rewards(Repeater),1,100000,71892.0
NaiveLearner,minus_rewards(ReverseHistory),1,100000,-15216.0
NaiveLearner,minus_rewards(SelfRecognition),1,100000,28383.0
NaiveLearner,minus_rewards(ShiftedRewards),1,100000,-100000.0
NaiveLearner,minus_rewards(TemptingButton),1,100000,85138.0
NaiveLearner,minus_rewards(TemptingButtonVariation),1,100000,67432.0
NaiveLearner,minus_rewards(ThirdActionForbidden),1,100000,84856.0
PPO_learner,AdversarialSequenceEvader,1,100000,550.0
PPO_learner,AdversarialSequencePredictor,1,100000,-74.0
PPO_learner,AfterImages,1,100000,526.0
PPO_learner,CryingBaby,1,100000,996.0
PPO_learner,CryingBaby2,1,100000,-4842.0
PPO_learner,DelayedRewards,1,100000,518.0
PPO_learner,FalseMemories,1,100000,536.0
PPO_learner,IgnoreActions,1,100000,46.0
PPO_learner,IgnoreObservations,1,100000,-136.0
PPO_learner,IgnoreRewards,1,100000,-172.0
PPO_learner,IgnoreRewards2,1,100000,1424.0
PPO_learner,IgnoreRewards3,1,100000,30.0
PPO_learner,IncentivizeLearningRate,1,100000,100000.0
PPO_learner,IncentivizeZero,1,100000,-80446.0
PPO_learner,LimitedMemory,1,100000,7660.0
PPO_learner,NthRewardMultipliedByN,1,100000,24.0
PPO_learner,PunishNondeterministicAgent,1,100000,100000.0
PPO_learner,Repeater,1,100000,136.0
PPO_learner,ReverseHistory,1,100000,296.0
PPO_learner,SelfRecognition,1,100000,38705.0
PPO_learner,ShiftedRewards,1,100000,734.0
PPO_learner,TemptingButton,1,100000,-25710.0
PPO_learner,TemptingButtonVariation,1,100000,9577.0
PPO_learner,ThirdActionForbidden,1,100000,-35218.0
PPO_learner,minus_rewards(AdversarialSequenceEvader),1,100000,100000.0
PPO_learner,minus_rewards(AdversarialSequencePredictor),1,100000,-100000.0
PPO_learner,minus_rewards(AfterImages),1,100000,144.0
PPO_learner,minus_rewards(CensoredObservation),1,100000,282.0
PPO_learner,minus_rewards(CryingBaby),1,100000,-1436.0
PPO_learner,minus_rewards(CryingBaby2),1,100000,3958.0
PPO_learner,minus_rewards(DelayedRewards),1,100000,812.0
PPO_learner,minus_rewards(FalseMemories),1,100000,642.0
PPO_learner,minus_rewards(IgnoreActions),1,100000,354.0
PPO_learner,minus_rewards(IgnoreObservations),1,100000,60.0
PPO_learner,minus_rewards(IgnoreRewards),1,100000,-20.0
PPO_learner,minus_rewards(IgnoreRewards2),1,100000,-1086.0
PPO_learner,minus_rewards(IgnoreRewards3),1,100000,500.0
PPO_learner,minus_rewards(IncentivizeLearningRate),1,100000,51084.0
PPO_learner,minus_rewards(IncentivizeZero),1,100000,80280.0
PPO_learner,minus_rewards(LimitedMemory),1,100000,12960.0
PPO_learner,minus_rewards(NthRewardMultipliedByN),1,100000,730.0
PPO_learner,minus_rewards(PunishNondeterministicAgent),1,100000,1084.0
PPO_learner,minus_rewards(Repeater),1,100000,648.0
PPO_learner,minus_rewards(ReverseHistory),1,100000,838.0
PPO_learner,minus_rewards(SelfRecognition),1,100000,37755.0
PPO_learner,minus_rewards(ShiftedRewards),1,100000,778.0
PPO_learner,minus_rewards(TemptingButton),1,100000,68790.0
PPO_learner,minus_rewards(TemptingButtonVariation),1,100000,-5340.0
PPO_learner,minus_rewards(ThirdActionForbidden),1,100000,35722.0
Q_learner,AdversarialSequenceEvader,1,100000,-4560.0
Q_learner,AdversarialSequencePredictor,1,100000,4560.0
Q_learner,AfterImages,1,100000,49156.0
Q_learner,CensoredObservation,1,100000,80014.0
Q_learner,CryingBaby,1,100000,20056.0
Q_learner,CryingBaby2,1,100000,-89622.0
Q_learner,DelayedRewards,1,100000,97298.0
Q_learner,FalseMemories,1,100000,81022.0
Q_learner,IgnoreActions,1,100000,99990.0
Q_learner,IgnoreObservations,1,100000,10276.0
Q_learner,IgnoreRewards,1,100000,9870.0
Q_learner,IgnoreRewards2,1,100000,88860.0
Q_learner,IgnoreRewards3,1,100000,9870.0
Q_learner,IncentivizeLearningRate,1,100000,99734.0
Q_learner,IncentivizeZero,1,100000,20010.0
Q_learner,LimitedMemory,1,100000,89456.0
Q_learner,NthRewardMultipliedByN,1,100000,99998.0
Q_learner,PunishNondeterministicAgent,1,100000,100000.0
Q_learner,Repeater,1,100000,80506.0
Q_learner,ReverseHistory,1,100000,99994.0
Q_learner,SelfRecognition,1,100000,50371.0
Q_learner,ShiftedRewards,1,100000,99996.0
Q_learner,TemptingButton,1,100000,-44636.0
Q_learner,TemptingButtonVariation,1,100000,19912.0
Q_learner,ThirdActionForbidden,1,100000,89790.0
Q_learner,minus_rewards(AdversarialSequenceEvader),1,100000,100000.0
Q_learner,minus_rewards(AdversarialSequencePredictor),1,100000,-100000.0
Q_learner,minus_rewards(AfterImages),1,100000,71556.0
Q_learner,minus_rewards(CensoredObservation),1,100000,80436.0
Q_learner,minus_rewards(CryingBaby),1,100000,25860.0
Q_learner,minus_rewards(CryingBaby2),1,100000,99504.0
Q_learner,minus_rewards(DelayedRewards),1,100000,79418.0
Q_learner,minus_rewards(FalseMemories),1,100000,80404.0
Q_learner,minus_rewards(IgnoreActions),1,100000,0.0
Q_learner,minus_rewards(IgnoreObservations),1,100000,-10378.0
Q_learner,minus_rewards(IgnoreRewards),1,100000,-10378.0
Q_learner,minus_rewards(IgnoreRewards2),1,100000,34160.0
Q_learner,minus_rewards(IgnoreRewards3),1,100000,-10378.0
Q_learner,minus_rewards(IncentivizeLearningRate),1,100000,78922.0
Q_learner,minus_rewards(IncentivizeZero),1,100000,97760.0
Q_learner,minus_rewards(LimitedMemory),1,100000,89962.0
Q_learner,minus_rewards(NthRewardMultipliedByN),1,100000,79414.0
Q_learner,minus_rewards(PunishNondeterministicAgent),1,100000,79418.0
Q_learner,minus_rewards(Repeater),1,100000,80226.0
Q_learner,minus_rewards(ReverseHistory),1,100000,79410.0
Q_learner,minus_rewards(SelfRecognition),1,100000,36075.0
Q_learner,minus_rewards(ShiftedRewards),1,100000,74968.0
Q_learner,minus_rewards(TemptingButton),1,100000,89864.0
Q_learner,minus_rewards(TemptingButtonVariation),1,100000,69788.0
Q_learner,minus_rewards(ThirdActionForbidden),1,100000,89628.0
RandomAgent,AdversarialSequenceEvader,1,100000,-100000.0
RandomAgent,AdversarialSequencePredictor,1,100000,100000.0
RandomAgent,AfterImages,1,100000,100000.0
RandomAgent,CensoredObservation,1,100000,-136.0
RandomAgent,CryingBaby,1,100000,80.0
RandomAgent,CryingBaby2,1,100000,102.0
RandomAgent,DelayedRewards,1,100000,100000.0
RandomAgent,FalseMemories,1,100000,660.0
RandomAgent,IgnoreActions,1,100000,100000.0
RandomAgent,IgnoreObservations,1,100000,100000.0
RandomAgent,IgnoreRewards,1,100000,100000.0
RandomAgent,IgnoreRewards2,1,100000,26.0
RandomAgent,IgnoreRewards3,1,100000,100000.0
RandomAgent,IncentivizeZero,1,100000,-80052.0
RandomAgent,LimitedMemory,1,100000,84.0
RandomAgent,NthRewardMultipliedByN,1,100000,100000.0
RandomAgent,PunishNondeterministicAgent,1,100000,100000.0
RandomAgent,Repeater,1,100000,-468.0
RandomAgent,ReverseHistory,1,100000,100000.0
RandomAgent,SelfRecognition,1,100000,-45.0
RandomAgent,ShiftedRewards,1,100000,100000.0
RandomAgent,TemptingButton,1,100000,-280.0
RandomAgent,TemptingButtonVariation,1,100000,-25004.0
RandomAgent,ThirdActionForbidden,1,100000,-172.0
RandomAgent,minus_rewards(AdversarialSequenceEvader),1,100000,100000.0
RandomAgent,minus_rewards(AdversarialSequencePredictor),1,100000,-100000.0
RandomAgent,minus_rewards(AfterImages),1,100000,-100000.0
RandomAgent,minus_rewards(CensoredObservation),1,100000,136.0
RandomAgent,minus_rewards(CryingBaby),1,100000,-80.0
RandomAgent,minus_rewards(CryingBaby2),1,100000,-102.0
RandomAgent,minus_rewards(DelayedRewards),1,100000,-100000.0
RandomAgent,minus_rewards(FalseMemories),1,100000,-660.0
RandomAgent,minus_rewards(IgnoreActions),1,100000,-100000.0
RandomAgent,minus_rewards(IgnoreObservations),1,100000,-100000.0
RandomAgent,minus_rewards(IgnoreRewards),1,100000,-100000.0
RandomAgent,minus_rewards(IgnoreRewards2),1,100000,-26.0
RandomAgent,minus_rewards(IgnoreRewards3),1,100000,-100000.0
RandomAgent,minus_rewards(IncentivizeZero),1,100000,80052.0
RandomAgent,minus_rewards(LimitedMemory),1,100000,-84.0
RandomAgent,minus_rewards(NthRewardMultipliedByN),1,100000,-100000.0
RandomAgent,minus_rewards(PunishNondeterministicAgent),1,100000,-100000.0
RandomAgent,minus_rewards(Repeater),1,100000,468.0
RandomAgent,minus_rewards(ReverseHistory),1,100000,-100000.0
RandomAgent,minus_rewards(SelfRecognition),1,100000,45.0
RandomAgent,minus_rewards(ShiftedRewards),1,100000,-100000.0
RandomAgent,minus_rewards(TemptingButton),1,100000,280.0
RandomAgent,minus_rewards(TemptingButtonVariation),1,100000,25004.0
RandomAgent,minus_rewards(ThirdActionForbidden),1,100000,172.0
reality_check(A2C_learner),AdversarialSequenceEvader,1,100000,48.0
reality_check(A2C_learner),AdversarialSequencePredictor,1,100000,1470.0
reality_check(A2C_learner),AfterImages,1,100000,99842.0
reality_check(A2C_learner),CensoredObservation,1,100000,99810.0
reality_check(A2C_learner),CryingBaby,1,100000,-100000.0
reality_check(A2C_learner),CryingBaby2,1,100000,-99996.0
reality_check(A2C_learner),DelayedRewards,1,100000,99936.0
reality_check(A2C_learner),FalseMemories,1,100000,99938.0
reality_check(A2C_learner),IgnoreActions,1,100000,99938.0
reality_check(A2C_learner),IgnoreObservations,1,100000,99820.0
reality_check(A2C_learner),IgnoreRewards,1,100000,99918.0
reality_check(A2C_learner),IgnoreRewards2,1,100000,99938.0
reality_check(A2C_learner),IgnoreRewards3,1,100000,7280.0
reality_check(A2C_learner),IncentivizeLearningRate,1,100000,100000.0
reality_check(A2C_learner),IncentivizeZero,1,100000,-99350.0
reality_check(A2C_learner),LimitedMemory,1,100000,19340.0
reality_check(A2C_learner),NthRewardMultipliedByN,1,100000,99918.0
reality_check(A2C_learner),PunishNondeterministicAgent,1,100000,100000.0
reality_check(A2C_learner),Repeater,1,100000,99938.0
reality_check(A2C_learner),ReverseHistory,1,100000,99928.0
reality_check(A2C_learner),SelfRecognition,1,100000,66647.0
reality_check(A2C_learner),ShiftedRewards,1,100000,99918.0
reality_check(A2C_learner),TemptingButton,1,100000,-49640.0
reality_check(A2C_learner),TemptingButtonVariation,1,100000,-23944.0
reality_check(A2C_learner),ThirdActionForbidden,1,100000,99942.0
reality_check(A2C_learner),minus_rewards(AdversarialSequenceEvader),1,100000,100000.0
reality_check(A2C_learner),minus_rewards(AdversarialSequencePredictor),1,100000,-100000.0
reality_check(A2C_learner),minus_rewards(AfterImages),1,100000,99810.0
reality_check(A2C_learner),minus_rewards(CensoredObservation),1,100000,99824.0
reality_check(A2C_learner),minus_rewards(CryingBaby),1,100000,100000.0
reality_check(A2C_learner),minus_rewards(CryingBaby2),1,100000,99996.0
reality_check(A2C_learner),minus_rewards(DelayedRewards),1,100000,99930.0
reality_check(A2C_learner),minus_rewards(FalseMemories),1,100000,99956.0
reality_check(A2C_learner),minus_rewards(IgnoreActions),1,100000,99956.0
reality_check(A2C_learner),minus_rewards(IgnoreObservations),1,100000,99846.0
reality_check(A2C_learner),minus_rewards(IgnoreRewards),1,100000,99930.0
reality_check(A2C_learner),minus_rewards(IgnoreRewards2),1,100000,99956.0
reality_check(A2C_learner),minus_rewards(IgnoreRewards3),1,100000,6124.0
reality_check(A2C_learner),minus_rewards(IncentivizeLearningRate),1,100000,99930.0
reality_check(A2C_learner),minus_rewards(IncentivizeZero),1,100000,99298.0
reality_check(A2C_learner),minus_rewards(LimitedMemory),1,100000,99932.0
reality_check(A2C_learner),minus_rewards(NthRewardMultipliedByN),1,100000,99930.0
reality_check(A2C_learner),minus_rewards(PunishNondeterministicAgent),1,100000,99930.0
reality_check(A2C_learner),minus_rewards(Repeater),1,100000,99928.0
reality_check(A2C_learner),minus_rewards(ReverseHistory),1,100000,99896.0
reality_check(A2C_learner),minus_rewards(SelfRecognition),1,100000,66615.0
reality_check(A2C_learner),minus_rewards(ShiftedRewards),1,100000,99930.0
reality_check(A2C_learner),minus_rewards(TemptingButton),1,100000,-49800.0
reality_check(A2C_learner),minus_rewards(TemptingButtonVariation),1,100000,-177.0
reality_check(A2C_learner),minus_rewards(ThirdActionForbidden),1,100000,99928.0
reality_check(ConstantAgent),AdversarialSequenceEvader,1,100000,-100000.0
reality_check(ConstantAgent),AdversarialSequencePredictor,1,100000,100000.0
reality_check(ConstantAgent),AfterImages,1,100000,100000.0
reality_check(ConstantAgent),CensoredObservation,1,100000,100000.0
reality_check(ConstantAgent),CryingBaby,1,100000,100000.0
reality_check(ConstantAgent),CryingBaby2,1,100000,-99996.0
reality_check(ConstantAgent),DelayedRewards,1,100000,100000.0
reality_check(ConstantAgent),FalseMemories,1,100000,100000.0
reality_check(ConstantAgent),IgnoreActions,1,100000,100000.0
reality_check(ConstantAgent),IgnoreObservations,1,100000,100000.0
reality_check(ConstantAgent),IgnoreRewards,1,100000,100000.0
reality_check(ConstantAgent),IgnoreRewards2,1,100000,100000.0
reality_check(ConstantAgent),IgnoreRewards3,1,100000,100000.0
reality_check(ConstantAgent),IncentivizeZero,1,100000,100000.0
reality_check(ConstantAgent),LimitedMemory,1,100000,100000.0
reality_check(ConstantAgent),NthRewardMultipliedByN,1,100000,100000.0
reality_check(ConstantAgent),PunishNondeterministicAgent,1,100000,100000.0
reality_check(ConstantAgent),Repeater,1,100000,100000.0
reality_check(ConstantAgent),ReverseHistory,1,100000,100000.0
reality_check(ConstantAgent),SelfRecognition,1,100000,-45.0
reality_check(ConstantAgent),ShiftedRewards,1,100000,100000.0
reality_check(ConstantAgent),TemptingButton,1,100000,-49728.0
reality_check(ConstantAgent),TemptingButtonVariation,1,100000,-49728.0
reality_check(ConstantAgent),ThirdActionForbidden,1,100000,100000.0
reality_check(ConstantAgent),minus_rewards(AdversarialSequenceEvader),1,100000,100000.0
reality_check(ConstantAgent),minus_rewards(AdversarialSequencePredictor),1,100000,-100000.0
reality_check(ConstantAgent),minus_rewards(AfterImages),1,100000,-100000.0
reality_check(ConstantAgent),minus_rewards(CensoredObservation),1,100000,-100000.0
reality_check(ConstantAgent),minus_rewards(CryingBaby),1,100000,-100000.0
reality_check(ConstantAgent),minus_rewards(CryingBaby2),1,100000,99996.0
reality_check(ConstantAgent),minus_rewards(DelayedRewards),1,100000,-100000.0
reality_check(ConstantAgent),minus_rewards(FalseMemories),1,100000,-100000.0
reality_check(ConstantAgent),minus_rewards(IgnoreActions),1,100000,-100000.0
reality_check(ConstantAgent),minus_rewards(IgnoreObservations),1,100000,-100000.0
reality_check(ConstantAgent),minus_rewards(IgnoreRewards),1,100000,-100000.0
reality_check(ConstantAgent),minus_rewards(IgnoreRewards2),1,100000,-100000.0
reality_check(ConstantAgent),minus_rewards(IgnoreRewards3),1,100000,-100000.0
reality_check(ConstantAgent),minus_rewards(IncentivizeZero),1,100000,-100000.0
reality_check(ConstantAgent),minus_rewards(LimitedMemory),1,100000,-100000.0
reality_check(ConstantAgent),minus_rewards(NthRewardMultipliedByN),1,100000,-100000.0
reality_check(ConstantAgent),minus_rewards(PunishNondeterministicAgent),1,100000,-100000.0
reality_check(ConstantAgent),minus_rewards(Repeater),1,100000,-100000.0
reality_check(ConstantAgent),minus_rewards(ReverseHistory),1,100000,-100000.0
reality_check(ConstantAgent),minus_rewards(SelfRecognition),1,100000,45.0
reality_check(ConstantAgent),minus_rewards(ShiftedRewards),1,100000,-100000.0
reality_check(ConstantAgent),minus_rewards(TemptingButton),1,100000,49728.0
reality_check(ConstantAgent),minus_rewards(TemptingButtonVariation),1,100000,49728.0
reality_check(ConstantAgent),minus_rewards(ThirdActionForbidden),1,100000,-100000.0
reality_check(DQN_learner),AdversarialSequenceEvader,1,100000,-828.0
reality_check(DQN_learner),AdversarialSequencePredictor,1,100000,750.0
reality_check(DQN_learner),AfterImages,1,100000,94894.0
reality_check(DQN_learner),CensoredObservation,1,100000,95016.0
reality_check(DQN_learner),CryingBaby,1,100000,-99998.0
reality_check(DQN_learner),CryingBaby2,1,100000,-99996.0
reality_check(DQN_learner),DelayedRewards,1,100000,94988.0
reality_check(DQN_learner),FalseMemories,1,100000,95004.0
reality_check(DQN_learner),IgnoreActions,1,100000,95004.0
reality_check(DQN_learner),IgnoreObservations,1,100000,94968.0
reality_check(DQN_learner),IgnoreRewards,1,100000,95064.0
reality_check(DQN_learner),IgnoreRewards2,1,100000,95004.0
reality_check(DQN_learner),IgnoreRewards3,1,100000,10812.0
reality_check(DQN_learner),IncentivizeLearningRate,1,100000,100000.0
reality_check(DQN_learner),IncentivizeZero,1,100000,-99034.0
reality_check(DQN_learner),LimitedMemory,1,100000,95018.0
reality_check(DQN_learner),NthRewardMultipliedByN,1,100000,95064.0
reality_check(DQN_learner),PunishNondeterministicAgent,1,100000,100000.0
reality_check(DQN_learner),Repeater,1,100000,94994.0
reality_check(DQN_learner),ReverseHistory,1,100000,94966.0
reality_check(DQN_learner),SelfRecognition,1,100000,1587.0
reality_check(DQN_learner),ShiftedRewards,1,100000,95064.0
reality_check(DQN_learner),TemptingButton,1,100000,-46548.0
reality_check(DQN_learner),TemptingButtonVariation,1,100000,22640.0
reality_check(DQN_learner),ThirdActionForbidden,1,100000,95090.0
reality_check(DQN_learner),minus_rewards(AdversarialSequenceEvader),1,100000,100000.0
reality_check(DQN_learner),minus_rewards(AdversarialSequencePredictor),1,100000,-100000.0
reality_check(DQN_learner),minus_rewards(AfterImages),1,100000,94572.0
reality_check(DQN_learner),minus_rewards(CensoredObservation),1,100000,94608.0
reality_check(DQN_learner),minus_rewards(CryingBaby),1,100000,100000.0
reality_check(DQN_learner),minus_rewards(CryingBaby2),1,100000,99996.0
reality_check(DQN_learner),minus_rewards(DelayedRewards),1,100000,94802.0
reality_check(DQN_learner),minus_rewards(FalseMemories),1,100000,94728.0
reality_check(DQN_learner),minus_rewards(IgnoreActions),1,100000,94728.0
reality_check(DQN_learner),minus_rewards(IgnoreObservations),1,100000,94504.0
reality_check(DQN_learner),minus_rewards(IgnoreRewards),1,100000,94802.0
reality_check(DQN_learner),minus_rewards(IgnoreRewards2),1,100000,94728.0
reality_check(DQN_learner),minus_rewards(IgnoreRewards3),1,100000,9292.0
reality_check(DQN_learner),minus_rewards(IncentivizeLearningRate),1,100000,94712.0
reality_check(DQN_learner),minus_rewards(IncentivizeZero),1,100000,99034.0
reality_check(DQN_learner),minus_rewards(LimitedMemory),1,100000,94744.0
reality_check(DQN_learner),minus_rewards(NthRewardMultipliedByN),1,100000,94802.0
reality_check(DQN_learner),minus_rewards(PunishNondeterministicAgent),1,100000,94802.0
reality_check(DQN_learner),minus_rewards(Repeater),1,100000,94738.0
reality_check(DQN_learner),minus_rewards(ReverseHistory),1,100000,94522.0
reality_check(DQN_learner),minus_rewards(SelfRecognition),1,100000,62953.0
reality_check(DQN_learner),minus_rewards(ShiftedRewards),1,100000,94802.0
reality_check(DQN_learner),minus_rewards(TemptingButton),1,100000,-50970.0
reality_check(DQN_learner),minus_rewards(TemptingButtonVariation),1,100000,-2505.0
reality_check(DQN_learner),minus_rewards(ThirdActionForbidden),1,100000,94828.0
reality_check(NaiveLearner),AdversarialSequenceEvader,1,100000,-99964.0
reality_check(NaiveLearner),AdversarialSequencePredictor,1,100000,99964.0
reality_check(NaiveLearner),AfterImages,1,100000,85120.0
reality_check(NaiveLearner),CensoredObservation,1,100000,85134.0
reality_check(NaiveLearner),CryingBaby,1,100000,-100000.0
reality_check(NaiveLearner),CryingBaby2,1,100000,-99988.0
reality_check(NaiveLearner),DelayedRewards,1,100000,85136.0
reality_check(NaiveLearner),FalseMemories,1,100000,85136.0
reality_check(NaiveLearner),IgnoreActions,1,100000,85136.0
reality_check(NaiveLearner),IgnoreObservations,1,100000,85126.0
reality_check(NaiveLearner),IgnoreRewards,1,100000,85132.0
reality_check(NaiveLearner),IgnoreRewards2,1,100000,85136.0
reality_check(NaiveLearner),IgnoreRewards3,1,100000,99998.0
reality_check(NaiveLearner),IncentivizeZero,1,100000,-96836.0
reality_check(NaiveLearner),LimitedMemory,1,100000,85136.0
reality_check(NaiveLearner),NthRewardMultipliedByN,1,100000,85132.0
reality_check(NaiveLearner),PunishNondeterministicAgent,1,100000,100000.0
reality_check(NaiveLearner),Repeater,1,100000,85134.0
reality_check(NaiveLearner),ReverseHistory,1,100000,85132.0
reality_check(NaiveLearner),SelfRecognition,1,100000,56567.0
reality_check(NaiveLearner),ShiftedRewards,1,100000,85132.0
reality_check(NaiveLearner),TemptingButton,1,100000,-42436.0
reality_check(NaiveLearner),TemptingButtonVariation,1,100000,17584.0
reality_check(NaiveLearner),ThirdActionForbidden,1,100000,-100000.0
reality_check(NaiveLearner),minus_rewards(AdversarialSequenceEvader),1,100000,100000.0
reality_check(NaiveLearner),minus_rewards(AdversarialSequencePredictor),1,100000,-100000.0
reality_check(NaiveLearner),minus_rewards(AfterImages),1,100000,84888.0
reality_check(NaiveLearner),minus_rewards(CensoredObservation),1,100000,84900.0
reality_check(NaiveLearner),minus_rewards(CryingBaby),1,100000,100000.0
reality_check(NaiveLearner),minus_rewards(CryingBaby2),1,100000,98592.0
reality_check(NaiveLearner),minus_rewards(DelayedRewards),1,100000,84900.0
reality_check(NaiveLearner),minus_rewards(FalseMemories),1,100000,84900.0
reality_check(NaiveLearner),minus_rewards(IgnoreActions),1,100000,84900.0
reality_check(NaiveLearner),minus_rewards(IgnoreObservations),1,100000,84896.0
reality_check(NaiveLearner),minus_rewards(IgnoreRewards),1,100000,-100000.0
reality_check(NaiveLearner),minus_rewards(IgnoreRewards2),1,100000,84900.0
reality_check(NaiveLearner),minus_rewards(IgnoreRewards3),1,100000,-100000.0
reality_check(NaiveLearner),minus_rewards(IncentivizeZero),1,100000,96836.0
reality_check(NaiveLearner),minus_rewards(LimitedMemory),1,100000,84900.0
reality_check(NaiveLearner),minus_rewards(NthRewardMultipliedByN),1,100000,84766.0
reality_check(NaiveLearner),minus_rewards(PunishNondeterministicAgent),1,100000,84900.0
reality_check(NaiveLearner),minus_rewards(Repeater),1,100000,84900.0
reality_check(NaiveLearner),minus_rewards(ReverseHistory),1,100000,84896.0
reality_check(NaiveLearner),minus_rewards(SelfRecognition),1,100000,56665.0
reality_check(NaiveLearner),minus_rewards(ShiftedRewards),1,100000,-100000.0
reality_check(NaiveLearner),minus_rewards(TemptingButton),1,100000,-53390.0
reality_check(NaiveLearner),minus_rewards(TemptingButtonVariation),1,100000,-7433.0
reality_check(NaiveLearner),minus_rewards(ThirdActionForbidden),1,100000,100000.0
reality_check(PPO_learner),AdversarialSequenceEvader,1,100000,550.0
reality_check(PPO_learner),AdversarialSequencePredictor,1,100000,-74.0
reality_check(PPO_learner),AfterImages,1,100000,49396.0
reality_check(PPO_learner),CensoredObservation,1,100000,49410.0
reality_check(PPO_learner),CryingBaby,1,100000,-100000.0
reality_check(PPO_learner),CryingBaby2,1,100000,-99996.0
reality_check(PPO_learner),DelayedRewards,1,100000,50660.0
reality_check(PPO_learner),FalseMemories,1,100000,50530.0
reality_check(PPO_learner),IgnoreActions,1,100000,50530.0
reality_check(PPO_learner),IgnoreObservations,1,100000,48728.0
reality_check(PPO_learner),IgnoreRewards,1,100000,50460.0
reality_check(PPO_learner),IgnoreRewards2,1,100000,50530.0
reality_check(PPO_learner),IgnoreRewards3,1,100000,30.0
reality_check(PPO_learner),IncentivizeLearningRate,1,100000,100000.0
reality_check(PPO_learner),IncentivizeZero,1,100000,-80446.0
reality_check(PPO_learner),LimitedMemory,1,100000,50302.0
reality_check(PPO_learner),NthRewardMultipliedByN,1,100000,50460.0
reality_check(PPO_learner),PunishNondeterministicAgent,1,100000,100000.0
reality_check(PPO_learner),Repeater,1,100000,50530.0
reality_check(PPO_learner),ReverseHistory,1,100000,49930.0
reality_check(PPO_learner),SelfRecognition,1,100000,38705.0
reality_check(PPO_learner),ShiftedRewards,1,100000,50460.0
reality_check(PPO_learner),TemptingButton,1,100000,-25710.0
reality_check(PPO_learner),TemptingButtonVariation,1,100000,9577.0
reality_check(PPO_learner),ThirdActionForbidden,1,100000,52536.0
reality_check(PPO_learner),minus_rewards(AdversarialSequenceEvader),1,100000,100000.0
reality_check(PPO_learner),minus_rewards(AdversarialSequencePredictor),1,100000,-100000.0
reality_check(PPO_learner),minus_rewards(AfterImages),1,100000,52164.0
reality_check(PPO_learner),minus_rewards(CensoredObservation),1,100000,51248.0
reality_check(PPO_learner),minus_rewards(CryingBaby),1,100000,100000.0
reality_check(PPO_learner),minus_rewards(CryingBaby2),1,100000,99996.0
reality_check(PPO_learner),minus_rewards(DelayedRewards),1,100000,52648.0
reality_check(PPO_learner),minus_rewards(FalseMemories),1,100000,52790.0
reality_check(PPO_learner),minus_rewards(IgnoreActions),1,100000,52790.0
reality_check(PPO_learner),minus_rewards(IgnoreObservations),1,100000,50604.0
reality_check(PPO_learner),minus_rewards(IgnoreRewards),1,100000,52648.0
reality_check(PPO_learner),minus_rewards(IgnoreRewards2),1,100000,52790.0
reality_check(PPO_learner),minus_rewards(IgnoreRewards3),1,100000,500.0
reality_check(PPO_learner),minus_rewards(IncentivizeLearningRate),1,100000,52648.0
reality_check(PPO_learner),minus_rewards(IncentivizeZero),1,100000,80280.0
reality_check(PPO_learner),minus_rewards(LimitedMemory),1,100000,51688.0
reality_check(PPO_learner),minus_rewards(NthRewardMultipliedByN),1,100000,52648.0
reality_check(PPO_learner),minus_rewards(PunishNondeterministicAgent),1,100000,52648.0
reality_check(PPO_learner),minus_rewards(Repeater),1,100000,51828.0
reality_check(PPO_learner),minus_rewards(ReverseHistory),1,100000,51472.0
reality_check(PPO_learner),minus_rewards(SelfRecognition),1,100000,37975.0
reality_check(PPO_learner),minus_rewards(ShiftedRewards),1,100000,52648.0
reality_check(PPO_learner),minus_rewards(TemptingButton),1,100000,-61212.0
reality_check(PPO_learner),minus_rewards(TemptingButtonVariation),1,100000,-25790.0
reality_check(PPO_learner),minus_rewards(ThirdActionForbidden),1,100000,51624.0
reality_check(Q_learner),AdversarialSequenceEvader,1,100000,-4560.0
reality_check(Q_learner),AdversarialSequencePredictor,1,100000,4560.0
reality_check(Q_learner),AfterImages,1,100000,89446.0
reality_check(Q_learner),CensoredObservation,1,100000,89452.0
reality_check(Q_learner),CryingBaby,1,100000,-100000.0
reality_check(Q_learner),CryingBaby2,1,100000,-99988.0
reality_check(Q_learner),DelayedRewards,1,100000,89548.0
reality_check(Q_learner),FalseMemories,1,100000,89456.0
reality_check(Q_learner),IgnoreActions,1,100000,89456.0
reality_check(Q_learner),IgnoreObservations,1,100000,89452.0
reality_check(Q_learner),IgnoreRewards,1,100000,89452.0
reality_check(Q_learner),IgnoreRewards2,1,100000,89456.0
reality_check(Q_learner),IgnoreRewards3,1,100000,9870.0
reality_check(Q_learner),IncentivizeLearningRate,1,100000,89456.0
reality_check(Q_learner),IncentivizeZero,1,100000,20010.0
reality_check(Q_learner),LimitedMemory,1,100000,89456.0
reality_check(Q_learner),NthRewardMultipliedByN,1,100000,89452.0
reality_check(Q_learner),PunishNondeterministicAgent,1,100000,100000.0
reality_check(Q_learner),Repeater,1,100000,89456.0
reality_check(Q_learner),ReverseHistory,1,100000,89454.0
reality_check(Q_learner),SelfRecognition,1,100000,50371.0
reality_check(Q_learner),ShiftedRewards,1,100000,89452.0
reality_check(Q_learner),TemptingButton,1,100000,-44636.0
reality_check(Q_learner),TemptingButtonVariation,1,100000,19912.0
reality_check(Q_learner),ThirdActionForbidden,1,100000,-100000.0
reality_check(Q_learner),minus_rewards(AdversarialSequenceEvader),1,100000,100000.0
reality_check(Q_learner),minus_rewards(AdversarialSequencePredictor),1,100000,-100000.0
reality_check(Q_learner),minus_rewards(AfterImages),1,100000,89946.0
reality_check(Q_learner),minus_rewards(CensoredObservation),1,100000,89962.0
reality_check(Q_learner),minus_rewards(CryingBaby),1,100000,100000.0
reality_check(Q_learner),minus_rewards(CryingBaby2),1,100000,99504.0
reality_check(Q_learner),minus_rewards(DelayedRewards),1,100000,89962.0
reality_check(Q_learner),minus_rewards(FalseMemories),1,100000,89962.0
reality_check(Q_learner),minus_rewards(IgnoreActions),1,100000,89962.0
reality_check(Q_learner),minus_rewards(IgnoreObservations),1,100000,89958.0
reality_check(Q_learner),minus_rewards(IgnoreRewards),1,100000,89948.0
reality_check(Q_learner),minus_rewards(IgnoreRewards2),1,100000,89962.0
reality_check(Q_learner),minus_rewards(IgnoreRewards3),1,100000,-10378.0
reality_check(Q_learner),minus_rewards(IncentivizeLearningRate),1,100000,89962.0
reality_check(Q_learner),minus_rewards(IncentivizeZero),1,100000,97760.0
reality_check(Q_learner),minus_rewards(LimitedMemory),1,100000,89962.0
reality_check(Q_learner),minus_rewards(NthRewardMultipliedByN),1,100000,89952.0
reality_check(Q_learner),minus_rewards(PunishNondeterministicAgent),1,100000,89962.0
reality_check(Q_learner),minus_rewards(Repeater),1,100000,89962.0
reality_check(Q_learner),minus_rewards(ReverseHistory),1,100000,89958.0
reality_check(Q_learner),minus_rewards(SelfRecognition),1,100000,60045.0
reality_check(Q_learner),minus_rewards(ShiftedRewards),1,100000,89952.0
reality_check(Q_learner),minus_rewards(TemptingButton),1,100000,-52320.0
reality_check(Q_learner),minus_rewards(TemptingButtonVariation),1,100000,-5272.0
reality_check(Q_learner),minus_rewards(ThirdActionForbidden),1,100000,100000.0
reality_check(RandomAgent),AdversarialSequenceEvader,1,100000,-100000.0
reality_check(RandomAgent),AdversarialSequencePredictor,1,100000,100000.0
reality_check(RandomAgent),AfterImages,1,100000,100000.0
reality_check(RandomAgent),CensoredObservation,1,100000,80.0
reality_check(RandomAgent),CryingBaby,1,100000,80.0
reality_check(RandomAgent),CryingBaby2,1,100000,102.0
reality_check(RandomAgent),DelayedRewards,1,100000,100000.0
reality_check(RandomAgent),FalseMemories,1,100000,-80.0
reality_check(RandomAgent),IgnoreActions,1,100000,-78.0
reality_check(RandomAgent),IgnoreObservations,1,100000,100000.0
reality_check(RandomAgent),IgnoreRewards,1,100000,100000.0
reality_check(RandomAgent),IgnoreRewards2,1,100000,80.0
reality_check(RandomAgent),IgnoreRewards3,1,100000,100000.0
reality_check(RandomAgent),IncentivizeZero,1,100000,-80052.0
reality_check(RandomAgent),LimitedMemory,1,100000,-42.0
reality_check(RandomAgent),NthRewardMultipliedByN,1,100000,100000.0
reality_check(RandomAgent),PunishNondeterministicAgent,1,100000,100000.0
reality_check(RandomAgent),Repeater,1,100000,-78.0
reality_check(RandomAgent),ReverseHistory,1,100000,100000.0
reality_check(RandomAgent),SelfRecognition,1,100000,-45.0
reality_check(RandomAgent),ShiftedRewards,1,100000,100000.0
reality_check(RandomAgent),TemptingButton,1,100000,-280.0
reality_check(RandomAgent),TemptingButtonVariation,1,100000,-25004.0
reality_check(RandomAgent),ThirdActionForbidden,1,100000,-99998.0
reality_check(RandomAgent),minus_rewards(AdversarialSequenceEvader),1,100000,100000.0
reality_check(RandomAgent),minus_rewards(AdversarialSequencePredictor),1,100000,-100000.0
reality_check(RandomAgent),minus_rewards(AfterImages),1,100000,-100000.0
reality_check(RandomAgent),minus_rewards(CensoredObservation),1,100000,-80.0
reality_check(RandomAgent),minus_rewards(CryingBaby),1,100000,-80.0
reality_check(RandomAgent),minus_rewards(CryingBaby2),1,100000,-102.0
reality_check(RandomAgent),minus_rewards(DelayedRewards),1,100000,-100000.0
reality_check(RandomAgent),minus_rewards(FalseMemories),1,100000,80.0
reality_check(RandomAgent),minus_rewards(IgnoreActions),1,100000,78.0
reality_check(RandomAgent),minus_rewards(IgnoreObservations),1,100000,-100000.0
reality_check(RandomAgent),minus_rewards(IgnoreRewards),1,100000,-100000.0
reality_check(RandomAgent),minus_rewards(IgnoreRewards2),1,100000,-80.0
reality_check(RandomAgent),minus_rewards(IgnoreRewards3),1,100000,-100000.0
reality_check(RandomAgent),minus_rewards(IncentivizeZero),1,100000,80052.0
reality_check(RandomAgent),minus_rewards(LimitedMemory),1,100000,42.0
reality_check(RandomAgent),minus_rewards(NthRewardMultipliedByN),1,100000,-100000.0
reality_check(RandomAgent),minus_rewards(PunishNondeterministicAgent),1,100000,-100000.0
reality_check(RandomAgent),minus_rewards(Repeater),1,100000,78.0
reality_check(RandomAgent),minus_rewards(ReverseHistory),1,100000,-100000.0
reality_check(RandomAgent),minus_rewards(SelfRecognition),1,100000,45.0
reality_check(RandomAgent),minus_rewards(ShiftedRewards),1,100000,-100000.0
reality_check(RandomAgent),minus_rewards(TemptingButton),1,100000,280.0
reality_check(RandomAgent),minus_rewards(TemptingButtonVariation),1,100000,25004.0
reality_check(RandomAgent),minus_rewards(ThirdActionForbidden),1,100000,99998.0
A2C_learner,AdversarialSequenceEvader,2,100000,50.0
A2C_learner,AdversarialSequencePredictor,2,100000,-86.0
A2C_learner,AfterImages,2,100000,99214.0
A2C_learner,CensoredObservation,2,100000,98224.0
A2C_learner,CryingBaby,2,100000,88050.0
A2C_learner,CryingBaby2,2,100000,-98788.0
A2C_learner,DelayedRewards,2,100000,99832.0
A2C_learner,FalseMemories,2,100000,99836.0
A2C_learner,IgnoreActions,2,100000,86060.0
A2C_learner,IgnoreObservations,2,100000,99748.0
A2C_learner,IgnoreRewards,2,100000,44334.0
A2C_learner,IgnoreRewards2,2,100000,99624.0
A2C_learner,IgnoreRewards3,2,100000,56478.0
A2C_learner,IncentivizeLearningRate,2,100000,100000.0
A2C_learner,IncentivizeZero,2,100000,-93290.0
A2C_learner,LimitedMemory,2,100000,10276.0
A2C_learner,NthRewardMultipliedByN,2,100000,99826.0
A2C_learner,PunishNondeterministicAgent,2,100000,100000.0
A2C_learner,Repeater,2,100000,99880.0
A2C_learner,ReverseHistory,2,100000,99798.0
A2C_learner,SelfRecognition,2,100000,66564.0
A2C_learner,ShiftedRewards,2,100000,96106.0
A2C_learner,TemptingButton,2,100000,-50210.0
A2C_learner,TemptingButtonVariation,2,100000,-26892.0
